Date,Call_Amount,Call_WACR,Call_Min,Call_Max,Triparty_Amount,Triparty_WACR,MarketRepo_Amount,MarketRepo_WACR,Overnight_Total,MSF_Amount,MSF_Rate,SDF_Amount,SDF_Rate
2020-07-01,12131.76,3.550136,1.8,4.1,187620.8,2.8962,112389.99,3.0201,313867.55,0.0,4.25,,
2020-07-02,12629.28,3.512297,1.8,4.1,176707.85,2.9437,110716.91,2.9421,301749.04,50.0,4.25,,
2020-07-03,626.2,2.777631,2.15,4.0,1946.0,3.1015,0.0,,3522.2,10.0,4.25,,
2020-07-04,1098.75,2.48446,2.15,3.3,6020.25,3.3372,0.0,,7119.0,0.0,4.25,,
2020-07-05,0.0,,0.0,0.0,0.0,,0.0,,0.0,0.0,4.25,,
2020-07-06,12869.08,3.499706,1.8,4.1,163759.65,3.1371,101437.43,3.1608,279711.16,1504.0,4.25,,
2020-07-07,11974.47,3.465526,1.8,4.1,196981.7,3.1102,80441.34,3.1604,289397.51,0.0,4.25,,
2020-07-08,13047.57,3.509011,1.8,4.1,177955.5,3.1448,89229.04,3.1793,280232.11,0.0,4.25,,
2020-07-09,13314.46,3.516221,1.8,4.05,181344.55,3.1314,97035.57,3.1522,292669.58,600.0,4.25,,
2020-07-10,12021.24,3.503726,1.8,4.1,182833.35,3.1265,85202.72,3.1329,280132.31,20.0,4.25,,
2020-07-12,0.0,,0.0,0.0,0.0,,0.0,,0.0,0.0,4.25,,
2020-07-13,12366.72,3.467414,1.8,4.1,166330.95,3.1006,97168.7,3.1305,275866.37,0.0,4.25,,
2020-07-14,12148.29,3.46232,1.8,4.1,197630.25,3.1117,80168.2,3.1233,289946.74,0.0,4.25,,
2020-07-15,13351.06,3.514766,1.8,4.1,186022.85,3.125,82346.33,3.1003,281720.24,0.0,4.25,,
2020-07-16,13200.07,3.529064,1.8,4.1,179954.35,3.1409,79637.07,3.1004,272791.49,90.0,4.25,,
2020-07-17,1222.16,3.581297,2.15,4.1,3730.0,3.438584,0.0,,4952.16,55.0,4.25,,
2020-07-18,1170.95,3.097024,2.15,4.1,4526.95,3.2922,0.0,,5697.9,0.0,4.25,,
2020-07-19,0.0,,0.0,0.0,0.0,,0.0,,0.0,0.0,4.25,,
2020-07-20,13572.36,3.478761,1.8,4.1,166306.3,3.1667,75882.3,3.1632,255760.96,20.0,4.25,,
2020-07-21,11561.33,3.425061,1.8,4.1,164704.55,3.1781,80022.72,3.1796,256288.6,0.0,4.25,,
2020-07-22,12544.33,3.482951,1.8,4.1,192794.45,3.1793,76630.92,3.1929,281969.7,60.0,4.25,,
2020-07-23,12647.14,3.483914,1.8,4.1,191829.3,3.1628,83570.39,3.1826,288046.83,0.0,4.25,,
2020-07-24,12187.87,3.4234,1.8,4.1,195747.25,3.1771,83611.58,3.1661,291546.7,0.0,4.25,,
2020-07-26,0.0,,0.0,0.0,0.0,,0.0,,0.0,0.0,4.25,,
2020-07-27,12497.37,3.483361,1.8,4.1,178868.4,3.1158,85514.91,3.1856,277080.68,0.0,4.25,,
2020-07-28,10761.4,3.475906,1.8,4.1,186866.2,3.1246,84163.37,3.1282,281790.97,0.0,4.25,,
2020-07-29,12316.22,3.470158,1.8,4.1,160658.05,3.1622,91837.1,3.147,265561.37,4.0,4.25,,
2020-07-30,12421.04,3.449341,1.8,4.1,165299.5,3.1751,89982.67,3.1783,268453.21,0.0,4.25,,
2020-07-31,9754.85,3.478519,1.8,4.1,188895.65,3.1634,83288.17,3.1394,282688.67,80.0,4.25,,
2020-08-02,0.0,,0.0,0.0,0.0,,0.0,,0.0,0.0,4.25,,
2020-08-03,9642.09,3.481498,1.8,4.1,160872.35,3.175,95012.71,3.1756,265527.15,0.0,4.25,,
2020-08-04,10917.05,3.394417,1.8,4.1,174238.55,3.1765,95157.84,3.1281,280313.44,53.0,4.25,,
2020-08-06,11661.86,3.411258,1.8,4.1,148874.95,2.9036,96076.05,3.0075,257612.86,0.0,4.25,,
2020-08-07,11904.07,3.438827,1.8,4.1,153299.2,3.1834,97925.7,2.9727,263728.97,65.0,4.25,,
2020-08-09,0.0,,0.0,0.0,0.0,,0.0,,0.0,0.0,4.25,,
2020-08-10,11520.38,3.433731,1.8,4.1,150797.8,3.2005,95279.17,3.0549,258097.35,0.0,4.25,,
2020-08-11,9392.21,3.465487,1.8,4.1,158703.65,3.2028,88959.67,3.0516,257555.53,0.0,4.25,,
2020-08-12,10801.18,3.493359,1.8,4.1,173273.3,3.1853,86312.88,3.0527,270387.36,0.0,4.25,,
2020-08-13,11400.26,3.440118,1.8,4.1,179443.1,3.1831,81515.06,3.0609,272358.42,0.0,4.25,,
2020-08-14,12387.58,3.449475,1.8,4.1,185438.05,3.1814,82419.59,3.0933,280745.22,12.0,4.25,,
2020-08-16,0.0,,0.0,0.0,0.0,,0.0,,0.0,2.0,4.25,,
2020-08-17,12345.22,3.478187,1.8,4.1,188833.7,3.1955,80231.44,3.064,281410.36,0.0,4.25,,
2020-08-18,10961.23,3.416838,1.8,4.1,193287.95,3.1957,76497.81,3.1331,280746.99,0.0,4.25,,
2020-08-19,12243.48,3.418906,1.8,4.1,186901.85,3.2018,72973.8,3.1606,272319.13,2.0,4.25,,
2020-08-20,12061.85,3.432188,1.8,4.1,238472.25,2.9508,84852.98,2.9596,335387.08,0.0,4.25,,
2020-08-21,11386.7,3.428942,1.8,4.1,227025.1,3.0145,83878.68,2.9624,322290.48,0.0,4.25,,
2020-08-23,0.0,,0.0,0.0,0.0,,0.0,,0.0,0.0,4.25,,
2020-08-24,11065.24,3.425241,1.8,4.1,209100.95,3.084,87971.2,3.0737,308137.39,202.0,4.25,,
2020-08-25,11184.81,3.429067,1.8,4.1,206030.85,3.0936,95301.65,3.0863,312642.31,1.0,4.25,,
2020-08-26,12703.54,3.442019,1.8,4.1,207108.6,3.0371,92831.09,3.0361,312768.23,4.0,4.25,,
2020-08-27,13298.29,3.431639,1.8,4.1,218864.05,3.0237,100259.47,2.9806,332546.81,0.0,4.25,,
2020-08-28,215.5,3.177146,2.4,3.35,2240.0,3.1966,0.0,,2455.5,300.0,4.25,,
2020-08-29,138.5,3.138628,2.8,3.3,6835.3,3.2781,0.0,,6973.8,0.0,4.25,,
2020-08-30,0.0,,0.0,0.0,0.0,,0.0,,0.0,0.0,4.25,,
2020-08-31,10334.0,3.452355,1.8,4.1,202921.3,3.0183,100168.94,2.9833,313424.24,250.0,4.25,,
2020-09-01,11264.06,3.433065,1.8,4.1,197593.9,3.0031,99782.71,2.9579,308640.67,104.0,4.25,,
2020-09-02,13531.54,3.423398,1.8,4.1,203443.15,2.9969,93189.57,2.9708,310214.26,215.0,4.25,,
2020-09-03,14918.24,3.423398,1.8,4.05,214727.25,2.9964,88048.65,2.9628,317744.14,5.0,4.25,,
2020-09-04,700.8,2.642184,2.15,3.4,5732.0,0.4737,0.0,,6807.8,0.0,4.25,,
2020-09-05,587.35,2.64101,2.15,3.95,4119.45,4.0781,0.0,,4706.8,0.0,4.25,,
2020-09-06,0.0,,0.0,0.0,0.0,,0.0,,0.0,4.0,4.25,,
2020-09-07,11414.83,3.416962,1.8,4.1,173713.4,3.1242,92523.0,3.0733,277726.23,92.0,4.25,,
2020-09-08,11943.77,3.39417,1.8,4.05,173975.35,3.1658,93023.19,3.1151,279217.31,1614.0,4.25,,
2020-09-09,14982.67,3.426661,1.8,4.05,175847.9,3.1989,89098.29,3.144,280027.86,990.0,4.25,,
2020-09-10,16404.38,3.416972,1.8,4.05,168629.7,3.2028,87593.35,3.1209,272726.43,60.0,4.25,,
2020-09-11,11874.25,3.407657,1.5,4.05,163496.0,3.198,95845.73,3.1282,271314.98,0.0,4.25,,
2020-09-13,0.0,,0.0,0.0,0.0,,0.0,,0.0,0.0,4.25,,
2020-09-14,12385.67,3.425489,1.8,4.0,165476.45,3.2031,89430.25,3.1576,267391.37,101.0,4.25,,
2020-09-15,12439.32,3.409668,1.8,4.05,167057.8,3.2134,88768.49,3.1644,268364.61,0.0,4.25,,
2020-09-16,11537.26,3.431945,1.8,4.0,170913.2,3.2177,91199.96,3.1762,273749.42,6.0,4.25,,
2020-09-17,11737.1,3.428936,1.8,4.05,191617.3,3.2124,94723.24,3.1789,298176.64,70.0,4.25,,
2020-09-18,366.0,3.129781,2.5,3.5,1051.5,1.7509,0.0,,1516.5,4.0,4.25,,
2020-09-21,11715.96,3.431759,1.8,4.0,187430.1,3.2216,89128.83,3.2192,289778.89,0.0,4.25,,
2020-09-22,11404.52,3.403507,1.8,4.0,214201.8,3.2171,92323.93,3.1939,318909.25,0.0,4.25,,
2020-09-23,12616.25,3.421771,1.8,4.0,180401.8,3.2272,94754.87,3.2036,288727.92,0.0,4.25,,
2020-09-24,13394.31,3.434133,2.0,4.0,162866.7,3.2276,98454.09,3.1894,275670.1,0.0,4.25,,
2020-09-25,12387.63,3.407389,1.5,4.0,177104.9,3.2287,89065.29,3.1995,279997.82,50.0,4.25,,
2020-09-27,0.0,,0.0,0.0,0.0,,0.0,,0.0,0.0,4.25,,
2020-09-28,12642.4,3.424597,1.8,4.0,160235.75,3.2401,98131.01,3.2303,272374.16,9.0,4.25,,
2020-09-29,11233.53,3.399249,1.8,3.9,172100.1,3.2279,108159.1,3.2603,291492.73,1249.0,4.25,,
2020-09-30,7719.72,3.426169,1.8,4.0,205863.7,3.2126,93094.22,3.2336,307257.64,0.0,4.25,,
2020-10-01,572.26,2.930325,2.5,3.9,3123.5,2.8086,230.0,3.0391,4505.76,40.0,4.25,,
2020-10-03,636.36,2.655192,2.5,3.3,9133.1,3.3602,0.0,,9769.46,490.0,4.25,,
2020-10-04,0.0,,0.0,0.0,0.0,,0.0,,0.0,4.0,4.25,,
2020-10-05,11790.82,3.423269,1.8,4.0,182427.3,3.1945,108000.08,3.2263,302218.2,121.0,4.25,,
2020-10-06,11323.58,3.430578,1.8,3.9,166064.8,3.2122,111447.15,3.2296,288835.53,0.0,4.25,,
2020-10-07,12592.94,3.440054,1.8,3.9,156920.65,3.2187,110380.15,3.2418,280863.74,0.0,4.25,,
2020-10-08,11247.81,3.429989,1.8,3.9,158336.4,3.2246,108814.26,3.2346,279368.47,0.0,4.25,,
2020-10-09,11167.23,3.390647,1.5,3.9,182643.2,3.2062,115741.27,3.2083,311761.7,0.0,4.25,,
2020-10-11,0.0,,0.0,0.0,0.0,,0.0,,0.0,0.0,4.25,,
2020-10-12,13023.45,3.413155,1.8,3.9,189436.05,3.1384,110730.75,3.2327,315800.25,0.0,4.25,,
2020-10-13,11307.0,3.393612,1.8,3.9,191729.7,3.1983,115450.41,3.2308,321097.11,0.0,4.25,,
2020-10-14,13037.93,3.412319,1.8,3.9,190927.25,3.1768,114081.77,3.201,319901.95,0.0,4.25,,
2020-10-15,12216.08,3.396815,1.8,3.85,206658.45,3.1508,110341.9,3.1093,331071.43,0.0,4.25,,
2020-10-16,746.51,3.089755,2.5,3.8,2518.3,3.1841,0.0,,5084.81,10.0,4.25,,
2020-10-17,371.05,2.689732,2.5,3.3,6545.05,3.2517,0.0,,6916.1,462.0,4.25,,
2020-10-18,0.0,,0.0,0.0,0.0,,0.0,,0.0,0.0,4.25,,
2020-10-19,10810.87,3.363319,1.8,3.8,206272.4,3.054,101871.13,3.0763,319019.4,3.0,4.25,,
2020-10-20,9929.43,3.356845,1.8,3.8,197019.5,3.0585,93853.58,3.0654,300867.51,125.0,4.25,,
2020-10-21,7372.09,3.215436,1.8,3.5,197527.1,3.0617,89884.43,3.064,295058.62,0.0,4.25,,
2020-10-22,6480.26,3.142241,1.8,3.5,202813.75,3.0816,91015.47,3.0859,300784.48,0.0,4.25,,
2020-10-23,6509.15,3.22209,1.5,3.5,198803.4,3.0803,92428.99,3.0908,298966.54,6.0,4.25,,
2020-10-25,0.0,,0.0,0.0,0.0,,0.0,,0.0,0.0,4.25,,
2020-10-26,6377.13,3.208782,1.8,3.5,190476.2,3.0368,100824.93,3.078,298893.26,0.0,4.25,,
2020-10-27,6842.42,3.150935,1.8,3.55,204268.8,3.0464,83456.01,3.0567,295852.23,1.0,4.25,,
2020-10-29,528.35,2.703748,2.5,3.3,1918.6,2.477669,0.0,,3401.95,0.0,4.25,,
2020-11-02,7485.69,3.180976,1.8,3.45,188648.2,3.054,96771.06,3.0682,292924.95,165.0,4.25,,
2020-11-03,6715.37,3.176601,1.8,3.5,213405.6,3.0363,97733.87,3.0537,317914.84,0.0,4.25,,
2020-11-04,7109.14,3.155349,1.8,3.45,215302.4,2.9566,97113.72,2.9746,319610.26,159.0,4.25,,
2020-11-05,6970.97,3.141418,1.8,3.45,211681.35,2.9528,93853.86,2.9717,312531.18,15.0,4.25,,
2020-11-06,500.7,2.740763,2.5,3.15,2226.0,2.879603,0.0,,2726.7,18.0,4.25,,
2020-11-07,2124.06,3.624112,2.45,3.9,7228.3,3.8959,0.0,,9352.36,2958.0,4.25,,
2020-11-08,0.0,,0.0,0.0,0.0,,0.0,,0.0,78.0,4.25,,
2020-11-09,8464.45,3.197197,1.8,3.5,204585.55,2.9829,97006.35,2.9904,310606.35,8.0,4.25,,
2020-11-10,7359.96,3.1343,1.8,3.5,227385.75,3.0041,97782.67,3.0027,333278.38,1.0,4.25,,
2020-11-11,8577.05,3.18201,1.8,3.5,225070.55,2.9316,100612.94,3.0074,334810.54,300.0,4.25,,
2020-11-12,8259.63,3.179494,1.8,3.45,245067.9,2.6391,95473.76,2.8645,349351.29,12.0,4.25,,
2020-11-13,8139.76,3.207693,1.8,3.5,245505.25,2.6217,97021.14,2.5689,352416.15,143.0,4.25,,
2020-11-16,0.0,,0.0,0.0,0.0,,0.0,,0.0,632.0,4.25,,
2020-11-17,6527.52,3.118341,1.8,3.4,263263.3,2.7759,93255.26,2.8448,365546.08,330.0,4.25,,
2020-11-18,6977.95,3.12699,1.8,3.4,255712.05,2.6797,93199.08,2.7216,357089.08,140.0,4.25,,
2020-11-19,7549.4,3.14575,1.8,3.5,265397.35,2.6014,95054.24,2.6434,369450.99,0.0,4.25,,
2020-11-20,475.75,2.796458,2.5,3.4,1348.0,2.8732,0.0,,3283.75,266.0,4.25,,
2020-11-21,579.9,2.784627,2.5,3.5,8052.55,3.649,321.1,2.9495,8953.55,718.0,4.25,,
2020-11-22,0.0,,0.0,0.0,0.0,,0.0,,0.0,10.0,4.25,,
2020-11-23,6926.20000000001,3.113714,1.9,3.4,226843.0,2.8882,92785.5,2.8987,328014.7,34.0,4.25,,
2020-11-24,7806.0,3.065474,1.9,3.4,248847.25,2.7441,81252.16,2.9177,337905.41,44.0,4.25,,
2020-11-25,6996.03,3.123864,1.9,3.4,257843.85,2.6684,71780.32,2.6801,336620.2,0.0,4.25,,
2020-11-26,7088.52,3.129907,1.9,3.4,244520.15,2.6798,82979.48,2.6756,334588.15,84.0,4.25,,
2020-11-27,7073.65,3.125811,1.9,3.4,246210.2,2.8797,79448.43,2.75,332732.28,0.0,4.25,,
2020-11-30,0.0,,0.0,0.0,0.0,,0.0,,0.0,4950.0,4.25,,
2020-12-01,6284.55,3.088201,1.9,3.4,269326.5,2.9259,85868.23,2.8653,361579.28,21.0,4.25,,
2020-12-02,4530.92,3.092579,1.9,3.4,265404.6,2.9704,100591.92,2.9528,370677.44,0.0,4.25,,
2020-12-03,5070.88,3.086384,1.9,3.4,274138.7,2.9836,102240.47,2.985,381600.05,8.0,4.25,,
2020-12-04,441.25,2.636159,2.5,3.1,2955.0,1.004939,0.0,,3596.25,0.0,4.25,,
2020-12-05,867.25,2.922629,2.5,3.45,8944.1,3.7292,0.0,,9811.35,1129.0,4.25,,
2020-12-06,0.0,,0.0,0.0,0.0,,0.0,,0.0,125.0,4.25,,
2020-12-07,6236.72,3.022313,1.9,3.4,211239.7,3.0453,97164.43,3.0264,314790.85,96.0,4.25,,
2020-12-08,7439.78,3.089715,1.9,3.5,219350.2,3.1312,93301.8,3.0964,320156.78,0.0,4.25,,
2020-12-09,8676.93,3.150219,1.9,3.5,223450.1,3.199,91396.6,3.1633,323588.63,2.0,4.25,,
2020-12-10,9346.20000000001,3.164951,1.9,3.5,259576.85,3.1809,94663.61,3.1592,363636.66,35.0,4.25,,
2020-12-11,7862.92,3.130405,1.9,3.5,294238.65,3.0849,93864.79,3.1243,396016.36,0.0,4.25,,
2020-12-13,0.0,,0.0,0.0,0.0,,0.0,,0.0,37.0,4.25,,
2020-12-14,8707.78,3.150257,1.9,3.5,286072.5,3.056,101940.41,3.0546,397510.69,10.0,4.25,,
2020-12-15,11665.66,3.213039,1.9,3.5,276249.4,3.0999,96229.22,3.0729,384984.28,26.0,4.25,,
2020-12-16,11881.22,3.203458,1.9,3.45,277413.25,3.1831,91236.33,3.1524,381670.8,32.0,4.25,,
2020-12-18,823.6,2.830682,2.5,3.4,769.0,1.4698,0.0,,1732.6,1.0,4.25,,
2020-12-19,1002.6,2.897125,2.5,3.9,9547.8,3.6494,0.0,,10550.4,124.0,4.25,,
2020-12-20,0.0,,0.0,0.0,0.0,,0.0,,0.0,208.0,4.25,,
2020-12-21,10377.56,3.239294,1.9,3.5,242444.95,3.2442,86935.64,3.2394,339843.15,0.0,4.25,,
2020-12-22,11110.43,3.261635,1.9,3.5,234106.55,3.2459,92112.51,3.2443,337449.49,0.0,4.25,,
2020-12-23,10576.43,3.257638,1.9,3.5,258741.2,3.233,93089.15,3.2411,363206.78,3.0,4.25,,
2020-12-24,8856.55,3.226123,1.9,3.5,317787.65,3.172,95984.9,3.1806,422679.1,50.0,4.25,,
2020-12-27,0.0,,0.0,0.0,0.0,,0.0,,0.0,11.0,4.25,,
2020-12-28,9214.58,3.201706,1.9,3.5,322199.6,3.1594,93958.45,3.1728,425422.63,7.0,4.25,,
2020-12-29,11955.26,3.147232,1.9,3.5,323178.8,3.0029,87491.97,3.0818,422626.03,244.0,4.25,,
2020-12-30,13475.04,3.25009,1.9,3.5,311961.35,2.9863,96533.18,3.0023,422669.57,11.0,4.25,,
2020-12-31,10536.43,3.310897,1.9,3.6,341464.5,2.7486,80254.29,2.9295,432255.22,0.0,4.25,,
2021-01-01,1902.65,3.103866,2.5,3.35,1690.75,2.17716,0.0,,3593.4,43.0,4.25,,
2021-01-02,1080.35,2.761309,2.5,3.25,19431.9,3.1836,0.0,,20512.25,31.0,4.25,,
2021-01-03,0.0,,0.0,0.0,0.0,,0.0,,0.0,504.0,4.25,,
2021-01-04,10520.16,3.183723,1.9,3.75,319635.45,2.8923,105315.29,2.9389,436020.9,102.0,4.25,,
2021-01-05,10514.86,3.148636,1.9,3.5,333742.9,2.9638,95383.8,2.9716,439641.56,37.0,4.25,,
2021-01-06,10270.77,3.158041,1.9,3.5,314676.9,3.097,90270.06,3.0692,415517.73,55.0,4.25,,
2021-01-07,11000.72,3.197796,1.9,3.5,321875.15,3.206,90590.15,3.1995,423666.02,0.0,4.25,,
2021-01-08,9773.43,3.179173,1.9,3.5,315757.9,3.2175,90120.59,3.2047,416151.92,0.0,4.25,,
2021-01-10,0.0,,0.0,0.0,0.0,,0.0,,0.0,90.0,4.25,,
2021-01-11,9528.35,3.188804,1.9,3.5,329217.05,3.1959,78545.57,3.2466,417290.97,0.0,4.25,,
2021-01-12,9000.97,3.189792,1.9,3.5,304835.65,3.1423,93533.13,3.1791,408569.75,3.0,4.25,,
2021-01-13,7274.11,3.214734,1.9,3.5,304285.0,2.9916,98636.15,3.0226,410514.86,53.0,4.25,,
2021-01-14,8027.66,3.248565,1.9,3.5,333132.25,2.9964,92544.89,2.808,434414.4,1.0,4.25,,
2021-01-15,681.4,2.752231,2.5,3.4,2785.0,2.855707,0.0,,4326.0,96.0,4.25,,
2021-01-16,828.1,2.801401,2.45,3.4,6376.1,3.2313,0.0,,7204.2,163.0,4.25,,
2021-01-17,0.0,,0.0,0.0,0.0,,0.0,,0.0,20.0,4.25,,
2021-01-18,10035.73,3.15688,1.9,3.5,325706.05,3.2122,104335.0,3.1966,440836.38,121.0,4.25,,
2021-01-19,9037.68000000001,3.158025,1.9,3.5,329760.75,3.215,99116.17,3.1892,438734.2,31.0,4.25,,
2021-01-20,9470.08,3.18553,1.9,3.5,321809.25,3.2218,99079.39,3.2185,431128.32,22.0,4.25,,
2021-01-21,10546.17,3.175754,1.9,3.5,332958.5,3.2142,100741.99,3.1566,445016.26,0.0,4.25,,
2021-01-22,11059.47,3.201936,1.9,3.5,321911.95,3.2262,100284.47,3.1838,433325.49,10.0,4.25,,
2021-01-24,0.0,,0.0,0.0,0.0,,0.0,,0.0,79.0,4.25,,
2021-01-25,11881.89,3.250448,1.9,3.5,290323.35,3.2324,98111.85,3.2244,400436.69,125.0,4.25,,
2021-01-26,0.0,,0.0,0.0,0.0,,0.0,,0.0,275.0,4.25,,
2021-01-27,9595.51,3.227774,1.9,3.5,291274.35,3.2295,94167.55,3.2229,395357.01,0.0,4.25,,
2021-01-28,11040.39,3.202684,1.9,3.5,292143.05,3.2357,89561.95,3.2174,392854.99,54.0,4.25,,
2021-01-29,1595.65,3.089885,2.5,3.5,991.8,1.663897,0.0,,2987.45,0.0,4.25,,
2021-01-30,787.2,2.869474,2.5,3.48,16659.35,3.3096,0.0,,17446.55,0.0,4.25,,
2021-01-31,0.0,,0.0,0.0,0.0,,0.0,,0.0,1.0,4.25,,
2021-02-01,8858.87,3.206102,1.9,3.55,338839.4,3.1979,88125.33,3.2057,437169.6,0.0,4.25,,
2021-02-02,10036.54,3.200835,1.9,3.55,352444.55,3.2061,80518.16,3.0475,443529.25,1.0,4.25,,
2021-02-03,8957.86,3.203856,1.9,3.55,344180.65,3.194,90930.96,3.0937,444399.47,0.0,4.25,,
2021-02-04,8945.6,3.184182,1.9,3.55,364369.4,3.1783,92132.84,3.1246,465942.84,5.0,4.25,,
2021-02-05,623.95,2.925403,2.5,3.5,8918.0,0.562574,0.0,,9786.95,6.0,4.25,,
2021-02-06,924.35,3.165165,2.5,3.55,12932.55,3.7997,0.0,,13856.9,7285.0,4.25,,
2021-02-07,0.0,,0.0,0.0,0.0,,0.0,,0.0,408.0,4.25,,
2021-02-08,9626.77,3.227134,1.9,3.5,349540.9,3.2123,97195.5,3.0259,456558.17,0.0,4.25,,
2021-02-09,10014.39,3.241443,1.9,3.5,345693.4,3.2193,102313.29,3.0303,458856.08,38.0,4.25,,
2021-02-10,10084.34,3.246843,1.9,3.5,347313.4,3.2204,102530.74,2.8708,460763.48,9.0,4.25,,
2021-02-11,9866.68,3.246,1.9,3.5,361745.3,3.2005,102105.28,2.7031,473962.26,30.0,4.25,,
2021-02-12,13778.07,3.311717,1.9,3.5,348634.2,3.0745,97299.47,2.7542,459756.74,12.0,4.25,,
2021-02-14,0.0,,0.0,0.0,0.0,,0.0,,0.0,52.0,4.25,,
2021-02-15,8300.99,3.245595,1.9,3.5,336483.75,3.0314,94758.46,2.7812,439688.2,2.0,4.25,,
2021-02-16,8111.63,3.205146,1.9,3.5,334731.9,2.7093,94822.28,2.7846,437810.81,0.0,4.25,,
2021-02-17,9903.36,3.2205,1.9,3.5,342474.9,2.2594,91189.83,2.3626,443613.09,6.0,4.25,,
2021-02-18,314.6,2.679641,2.55,3.11,1640.7,1.284345,0.0,,2000.3,21.0,4.25,,
2021-02-20,3302.55,3.54349,2.4,3.75,7325.95,3.9308,0.0,,10628.5,1775.0,4.25,,
2021-02-21,0.0,,0.0,0.0,0.0,,0.0,,0.0,122.0,4.25,,
2021-02-22,10017.62,3.225177,1.9,3.5,335257.85,2.8563,103587.85,2.6987,449058.32,0.0,4.25,,
2021-02-24,9096.81,3.219486,1.9,3.5,335746.75,2.8966,107137.07,2.7959,452075.63,56.0,4.25,,
2021-02-25,9750.3,3.260552,1.9,3.5,332765.5,2.9824,119305.86,2.8445,461916.66,2.0,4.25,,
2021-02-26,8031.93,3.242852,1.9,3.5,316115.9,3.2215,88302.12,3.0479,412449.95,58.0,4.25,,
2021-02-28,0.0,,0.0,0.0,0.0,,0.0,,0.0,100.0,4.25,,
2021-03-01,8017.83,3.2116,1.9,3.5,308216.35,3.2177,109261.9,3.1113,425696.08,16.0,4.25,,
2021-03-02,8228.85,3.206256,1.9,3.5,322174.55,3.2189,102737.75,3.1115,434441.15,0.0,4.25,,
2021-03-04,7599.36,3.170999,1.9,3.5,328347.55,3.0688,119487.22,2.8948,455434.13,0.0,4.25,,
2021-03-05,357.8,2.64251,2.55,3.0,8993.0,0.296063,0.0,,11040.8,31.0,4.25,,
2021-03-06,643.28,2.928101,2.55,3.4,15612.3,3.9153,0.0,,16255.58,1674.0,4.25,,
2021-03-07,0.0,,0.0,0.0,0.0,,0.0,,0.0,509.0,4.25,,
2021-03-08,6827.26,3.118468,1.9,3.4,268094.75,3.2451,99482.18,3.1071,374429.19,0.0,4.25,,
2021-03-09,8942.77,3.17371,1.9,3.4,284475.3,3.2595,91790.28,3.1066,387073.35,0.0,4.25,,
2021-03-10,11786.64,3.23888,1.9,3.5,282333.1,3.242,101334.7,3.0715,397809.44,0.0,4.25,,
2021-03-11,0.0,,0.0,0.0,0.0,,0.0,,0.0,819.0,4.25,,
2021-03-12,9279.94,3.220435,1.9,3.5,292798.5,3.2525,100831.99,3.017,404680.43,23.0,4.25,,
2021-03-14,0.0,,0.0,0.0,0.0,,0.0,,0.0,78.0,4.25,,
2021-03-15,8330.82,3.250754,1.9,3.5,290968.45,3.2635,96984.26,3.0605,396338.53,2985.0,4.25,,
2021-03-16,10029.64,3.27092,1.9,3.5,297142.0,3.2683,99580.07,3.1324,407006.71,0.0,4.25,,
2021-03-17,11047.3,3.254868,2.1,3.5,286876.7,3.2864,106138.3,3.1229,404117.3,0.0,4.25,,
2021-03-18,10924.0,3.256834,1.9,3.5,293504.2,3.2564,102795.79,3.0849,407448.99,13.0,4.25,,
2021-03-19,433.22,2.714607,2.6,3.0,4195.7,2.615728,0.0,,4653.92,6.0,4.25,,
2021-03-20,1541.45,2.971371,2.6,3.2,13269.3,3.363,0.0,,14810.75,177.0,4.25,,
2021-03-21,0.0,,0.0,0.0,0.0,,0.0,,0.0,1850.0,4.25,,
2021-03-22,16161.76,3.271631,1.9,3.5,291767.3,3.2877,91205.99,3.2694,403125.05,2530.0,4.25,,
2021-03-23,15698.94,3.263853,1.9,3.5,269006.6,3.2568,109791.89,3.3022,396972.43,47.0,4.25,,
2021-03-24,16292.32,3.270984,1.9,3.6,261436.0,3.2601,111732.74,3.3026,390166.06,43.0,4.25,,
2021-03-25,14574.87,3.241357,1.9,3.5,271891.9,3.2641,110838.79,3.2534,399224.56,60.0,4.25,,
2021-03-26,12671.7,3.22764,1.9,3.5,279349.7,3.2565,107582.96,3.2501,400659.36,182.0,4.25,,
2021-03-29,0.0,,0.0,0.0,0.0,,0.0,,0.0,3913.0,4.25,,
2021-03-30,11551.13,3.215684,1.9,3.5,281048.55,3.2856,90317.67,3.3175,382997.35,25.0,4.25,,
2021-03-31,314.5,3.468998,2.75,3.5,4566.0,1.913811,0.0,,4880.5,111.0,4.25,,
2021-04-01,0.0,,0.0,0.0,0.0,,0.0,,0.0,8.0,4.25,,
2021-04-03,3960.5,3.146072,2.6,3.35,36706.85,3.6953,0.0,,40667.35,468.0,4.25,,
2021-04-04,0.0,,0.0,0.0,0.0,,0.0,,0.0,137.0,4.25,,
2021-04-05,9528.09,3.108508,1.9,3.5,294932.55,3.0655,113190.33,3.1324,417675.97,13.0,4.25,,
2021-04-06,9527.04,3.131181,2.1,3.5,299555.8,2.9487,115911.44,2.9979,425803.28,0.0,4.25,,
2021-04-07,10360.36,3.144955,1.9,3.5,309704.55,3.0443,114652.17,2.9792,434922.08,11.0,4.25,,
2021-04-08,9835.24,3.127616,1.9,3.5,306726.55,2.7755,118183.47,2.9543,435290.26,137.0,4.25,,
2021-04-09,10777.45,3.14986,1.9,3.5,324453.5,2.9937,111684.55,2.8632,448589.5,9.0,4.25,,
2021-04-11,0.0,,0.0,0.0,0.0,,0.0,,0.0,84.0,4.25,,
2021-04-12,8994.37,3.207819,1.9,3.5,328474.3,3.1854,106635.59,3.0029,445448.26,180.0,4.25,,
2021-04-14,0.0,,0.0,0.0,0.0,,0.0,,0.0,1804.0,4.25,,
2021-04-15,10174.21,3.200918,1.9,3.5,342321.15,3.2165,104733.36,3.0245,459959.72,108.0,4.25,,
2021-04-16,404.15,2.696759,2.4,3.09,3015.0,2.931905,0.0,,6447.15,210.0,4.25,,
2021-04-17,534.2,2.780036,2.6,3.0,9838.3,3.4392,0.0,,10372.5,759.0,4.25,,
2021-04-18,0.0,,0.0,0.0,0.0,,0.0,,0.0,72.0,4.25,,
2021-04-19,11468.94,3.228489,1.9,3.5,347677.0,3.2153,109846.75,3.0864,470334.69,0.0,4.25,,
2021-04-20,11172.03,3.227456,1.9,3.5,314751.75,3.2347,108714.02,3.116,435978.8,0.0,4.25,,
2021-04-21,0.0,,0.0,0.0,0.0,,0.0,,0.0,5974.0,4.25,,
2021-04-22,12199.67,3.242328,1.9,3.5,280485.45,3.127,155923.0,3.1179,448808.12,0.0,4.25,,
2021-04-23,11074.66,3.211259,1.9,3.5,320491.6,3.2021,106850.92,3.0912,438417.18,149.0,4.25,,
2021-04-25,0.0,,0.0,0.0,0.0,,0.0,,0.0,82.0,4.25,,
2021-04-26,10905.75,3.198462,1.9,3.5,319470.0,3.2314,108190.88,3.1416,438566.63,121.0,4.25,,
2021-04-27,10778.18,3.203102,1.9,3.5,316336.3,3.2305,109731.43,3.1432,438572.91,12.0,4.25,,
2021-04-28,12017.5,3.219668,1.9,3.5,302856.85,3.2388,103705.99,3.1283,418580.34,154.0,4.25,,
2021-04-29,12149.01,3.221643,1.9,3.5,293262.1,3.2465,103860.48,3.1602,411283.59,4.0,4.25,,
2021-04-30,10583.16,3.213604,1.9,3.5,291345.7,3.2531,97419.96,3.1642,401160.82,342.0,4.25,,
2021-05-02,0.0,,0.0,0.0,0.0,,0.0,,0.0,55.0,4.25,,
2021-05-03,11479.54,3.209833,1.9,3.5,270214.75,3.2098,110924.79,3.2007,395063.08,10.0,4.25,,
2021-05-04,11661.32,3.191561,1.9,3.5,271075.8,3.1816,115268.14,3.2095,399081.26,143.0,4.25,,
2021-05-05,12034.85,3.241786,1.9,3.5,255378.5,3.1896,111253.07,3.2064,380475.82,33.0,4.25,,
2021-05-06,12367.03,3.243072,1.9,3.5,230138.85,3.2183,123039.62,3.2178,368563.3,0.0,4.25,,
2021-05-07,12231.52,3.223376,1.9,3.5,242284.15,3.2789,108941.29,3.2422,367636.76,0.0,4.25,,
2021-05-09,0.0,,0.0,0.0,0.0,,0.0,,0.0,25.0,4.25,,
2021-05-10,12783.91,3.244513,1.9,3.5,237554.25,3.271,117689.09,3.298,372969.05,0.0,4.25,,
2021-05-11,11625.86,3.208797,1.9,3.5,259614.3,3.2591,108118.82,3.2918,383821.98,0.0,4.25,,
2021-05-12,6847.59,3.30851,1.9,3.5,267073.0,3.264,110520.14,3.2954,385459.73,58.0,4.25,,
2021-05-13,0.0,,0.0,0.0,0.0,,0.0,,0.0,9544.0,4.25,,
2021-05-14,79.25,2.705047,2.6,3.0,502.0,2.502122,0.0,,2522.25,0.0,4.25,,
2021-05-15,1601.8,3.059233,2.6,3.5,8076.05,3.4113,0.0,,9677.85,255.0,4.25,,
2021-05-16,0.0,,0.0,0.0,0.0,,0.0,,0.0,26.0,4.25,,
2021-05-17,9812.17,3.150105,1.9,3.45,280771.2,3.2765,110056.94,3.3122,402700.31,41.0,4.25,,
2021-05-18,8400.28000000001,3.107295,1.9,3.4,277292.4,3.284,110112.89,3.3276,397661.57,108.0,4.25,,
2021-05-19,10034.85,3.141939,1.9,3.45,270322.15,3.2852,109138.21,3.2992,391092.21,0.0,4.25,,
2021-05-20,12356.88,3.189541,1.9,3.45,252892.95,3.2914,111249.7,3.2766,379104.53,175.0,4.25,,
2021-05-21,9560.38,3.136454,1.9,3.45,261744.55,3.3234,113064.34,3.3095,387568.27,494.0,4.25,,
2021-05-23,0.0,,0.0,0.0,0.0,,0.0,,0.0,22.0,4.25,,
2021-05-24,12417.34,3.208717,1.9,3.5,269664.25,3.3247,113936.8,3.3507,399585.39,0.0,4.25,,
2021-05-25,10179.4,3.195462,1.9,3.45,258729.5,3.2714,114330.45,3.3536,384774.35,0.0,4.25,,
2021-05-26,0.0,,0.0,0.0,0.0,,0.0,,0.0,1199.0,4.25,,
2021-05-27,9587.04,3.159034,1.9,3.4,258688.4,3.2598,115388.67,3.3352,386077.11,22.0,4.25,,
2021-05-28,386.55,2.82618,2.7,3.05,1171.9,2.835631,0.0,,5705.45,101.0,4.25,,
2021-05-31,10664.04,3.176501,1.9,3.5,262886.0,3.2301,109585.58,3.2989,386556.62,0.0,4.25,,
2021-06-01,8763.01000000001,3.122156,1.9,3.45,262194.25,3.23,114263.68,3.2866,387599.94,0.0,4.25,,
2021-06-02,8984.84,3.118112,1.9,3.45,264059.25,3.2336,110967.16,3.2922,387676.25,0.0,4.25,,
2021-06-03,7682.97,3.087652,1.9,3.4,255812.3,3.233,118775.87,3.2976,385383.14,209.0,4.25,,
2021-06-04,531.95,2.852364,2.7,3.05,1265.05,0.835385,0.0,,4331.0,0.0,4.25,,
2021-06-05,899.77,3.071234,2.6,3.7,5381.35,3.6414,0.0,,6281.12,1021.0,4.25,,
2021-06-06,0.0,,0.0,0.0,0.0,,0.0,,0.0,38.0,4.25,,
2021-06-08,7651.62,3.087531,1.9,3.4,255144.1,3.1771,111960.96,3.2978,376824.68,0.0,4.25,,
2021-06-09,7356.99,3.120827,1.9,3.4,262786.15,3.2132,102962.52,3.2409,373719.66,0.0,4.25,,
2021-06-10,6946.72,3.087988,1.9,3.4,246559.35,3.2348,104556.45,3.2845,358062.52,0.0,4.25,,
2021-06-11,6926.87,3.096462,1.9,3.4,252859.75,3.2575,107432.27,3.2893,367237.89,27.0,4.25,,
2021-06-13,0.0,,0.0,0.0,0.0,,0.0,,0.0,111.0,4.25,,
2021-06-14,7329.82,3.110097,1.9,3.4,259293.95,3.2557,105880.29,3.3153,372554.06,0.0,4.25,,
2021-06-15,8234.19,3.143862,1.9,3.45,250391.9,3.2448,113350.11,3.3304,373048.2,0.0,4.25,,
2021-06-16,9427.76,3.19731,1.9,3.45,246986.25,3.2576,108985.86,3.3178,367296.87,0.0,4.25,,
2021-06-17,8280.66,3.148227,1.9,3.45,228788.7,3.2742,103650.22,3.2255,342672.58,29.0,4.25,,
2021-06-18,542.4,2.821368,2.7,3.05,1072.35,2.030451,0.0,,4902.75,59.0,4.25,,
2021-06-19,662.45,2.875228,2.6,3.35,6578.2,3.3892,0.0,,7240.65,2.0,4.25,,
2021-06-20,0.0,,0.0,0.0,0.0,,0.0,,0.0,104.0,4.25,,
2021-06-21,7908.31,3.163699,1.9,3.45,241333.8,3.2769,100692.46,3.2976,354467.57,0.0,4.25,,
2021-06-22,8324.92,3.132416,1.9,3.45,276941.8,3.2679,96086.01,3.2955,382448.73,0.0,4.25,,
2021-06-23,8203.95,3.166033,1.9,3.5,296689.2,3.2518,99584.52,3.2866,404477.67,0.0,4.25,,
2021-06-24,7078.07,3.139958,1.9,3.4,300135.55,3.2527,99522.06,3.2964,408795.68,0.0,4.25,,
2021-06-25,7265.63,3.132314,1.9,3.4,306843.2,3.2448,95496.59,3.2913,411666.42,2.0,4.25,,
2021-06-27,0.0,,0.0,0.0,0.0,,0.0,,0.0,59.0,4.25,,
2021-06-28,6969.77,3.126264,1.9,3.4,312369.6,3.244,94625.28,3.2662,415303.65,0.0,4.25,,
2021-06-29,6932.98,3.144717,1.9,3.4,308897.65,3.2205,94157.6,3.2457,410488.23,130.0,4.25,,
2021-06-30,5889.68,3.156083,1.9,3.5,302534.4,3.2247,97971.54,3.2133,406395.62,15.0,4.25,,
2021-07-01,6999.21,3.116865,1.9,3.4,298886.6,3.1988,103678.95,3.2242,409564.76,2.0,4.25,,
2021-07-02,760.6,2.8738,2.7,3.25,1557.75,3.208992,0.0,,2318.35,121.0,4.25,,
2021-07-03,947.95,2.900016,2.7,3.3,7150.5,3.1906,0.0,,8098.45,1202.0,4.25,,
2021-07-04,0.0,,0.0,0.0,0.0,,0.0,,0.0,5.0,4.25,,
2021-07-05,7250.77,3.151239,1.9,3.4,318297.3,3.232,98825.57,3.277,424447.94,6.0,4.25,,
2021-07-06,6498.87,3.110635,1.9,3.4,308675.05,3.24,95574.18,3.2681,412160.4,16.0,4.25,,
2021-07-07,6414.14,3.136547,1.9,3.4,314968.2,3.2397,94859.95,3.232,416943.59,0.0,4.25,,
2021-07-08,7393.64,3.167216,1.9,3.4,328450.05,3.0082,96509.79,3.2117,434544.78,0.0,4.25,,
2021-07-09,8743.61,3.17003,1.9,3.4,273542.55,3.1918,90471.27,3.2263,374947.73,1.0,4.25,,
2021-07-11,0.0,,0.0,0.0,0.0,,0.0,,0.0,101.0,4.25,,
2021-07-12,8626.23,3.196909,1.9,3.4,274141.1,3.2238,86377.49,3.2399,371794.12,3.0,4.25,,
2021-07-13,8276.98,3.17847,1.9,3.4,277804.85,3.2323,89328.57,3.2249,378773.7,0.0,4.25,,
2021-07-14,9794.61999999999,3.210818,1.9,3.4,283057.05,3.2331,82796.49,3.2256,377767.46,0.0,4.25,,
2021-07-15,8515.01,3.191386,1.9,3.4,313567.15,3.2388,86632.4,3.2373,408996.36,0.0,4.25,,
2021-07-16,753.7,2.944311,2.7,3.4,2968.0,3.329737,0.0,,6659.5,0.0,4.25,,
2021-07-17,733.25,2.910467,2.7,3.4,10301.3,3.2609,0.0,,11034.55,8.0,4.25,,
2021-07-18,0.0,,0.0,0.0,0.0,,0.0,,0.0,74.0,4.25,,
2021-07-19,8789.44,3.208507,1.9,3.4,324850.4,3.2332,87709.58,3.2332,424132.22,0.0,4.25,,
2021-07-20,8761.49,3.198579,1.9,3.45,300699.7,3.2497,87172.31,3.2385,400638.3,0.0,4.25,,
2021-07-21,0.0,,0.0,0.0,0.0,,0.0,,0.0,5678.0,4.25,,
2021-07-22,9119.10000000001,3.205007,1.9,3.4,293848.35,3.2419,89545.46,3.2551,393383.31,586.0,4.25,,
2021-07-23,8484.64,3.203888,1.9,3.4,312057.7,3.2465,84754.4,3.2435,408357.14,17.0,4.25,,
2021-07-25,0.0,,0.0,0.0,0.0,,0.0,,0.0,34.0,4.25,,
2021-07-26,8864.76,3.228707,1.9,3.4,315239.3,3.2393,84450.19,3.2578,410494.65,0.0,4.25,,
2021-07-27,8595.27,3.210971,1.9,3.4,336721.05,3.2331,85386.84,3.2671,431788.56,0.0,4.25,,
2021-07-28,7258.6,3.176754,1.9,3.4,335335.0,3.2171,82350.36,3.2558,425005.36,42.0,4.25,,
2021-07-29,7745.99,3.183993,1.9,3.4,348576.2,3.2036,82716.87,3.2291,439100.46,0.0,4.25,,
2021-07-30,738.03,2.919927,2.5,3.4,2988.25,2.606914,0.0,,3726.28,254.0,4.25,,
2021-07-31,502.2,3.046127,2.7,3.6,19675.45,3.3328,0.0,,20177.65,286.0,4.25,,
2021-08-01,0.0,,0.0,0.0,0.0,,0.0,,0.0,108.0,4.25,,
2021-08-02,9341.87000000001,3.240698,1.9,3.4,280541.15,3.205,88136.27,3.2476,379045.29,0.0,4.25,,
2021-08-03,7400.7,3.179406,1.9,3.4,285414.8,3.1943,84909.05,3.2458,379273.55,0.0,4.25,,
2021-08-04,7311.63,3.175989,1.9,3.4,273524.2,3.1474,90303.27,3.2464,371139.1,0.0,4.25,,
2021-08-05,6386.75,3.133325,1.9,3.4,301007.55,3.0252,82649.92,3.2051,390044.22,0.0,4.25,,
2021-08-06,696.47,2.935617,2.7,3.4,2074.25,2.81653,0.0,,4380.7985,66.0,4.25,,
2021-08-07,751.46,2.924693,2.7,3.25,6478.15,3.3255,61.0,2.9,7290.61,145.0,4.25,,
2021-08-08,0.0,,0.0,0.0,0.0,,0.0,,0.0,5.0,4.25,,
2021-08-09,6936.87,3.180367,1.9,3.4,265470.95,3.0443,79531.41,3.1485,351939.23,0.0,4.25,,
2021-08-10,7581.21,3.187586,1.9,3.4,272720.25,3.0572,79431.34,3.0965,359732.8,0.0,4.25,,
2021-08-11,8400.4,3.218842,1.9,3.4,284381.85,3.0484,81361.54,3.0513,374143.79,14.0,4.25,,
2021-08-12,8491.42,3.214637,1.9,3.4,270491.6,3.0479,81286.59,2.961,360359.61,0.0,4.25,,
2021-08-13,6705.23,3.152792,1.9,3.45,298737.45,3.1367,85385.02,3.0737,390827.7,196.0,4.25,,
2021-08-16,0.0,,0.0,0.0,0.0,,0.0,,0.0,2532.0,4.25,,
2021-08-17,9364.63,3.227955,1.9,3.4,321450.85,3.12,89294.88,3.1463,420125.36,48.0,4.25,,
2021-08-18,3727.38,3.201881,1.9,3.4,324572.45,3.1182,88330.35,3.1402,416630.18,0.0,4.25,,
2021-08-19,0.0,,0.0,0.0,0.0,,0.0,,0.0,1008.0,4.25,,
2021-08-20,370.9,2.967188,2.6,3.4,2445.0,2.883967,0.0,,2815.9,0.0,4.25,,
2021-08-21,695.15,2.819017,2.6,3.0,6041.7,3.3978,0.0,,6736.85,42.0,4.25,,
2021-08-22,0.0,,0.0,0.0,0.0,,0.0,,0.0,8.0,4.25,,
2021-08-23,8560.0,3.215374,1.95,3.4,340801.15,3.1246,88959.41,3.1522,438320.56,0.0,4.25,,
2021-08-24,6799.92,3.146175,1.95,3.4,345432.05,3.13,90918.27,3.166,444650.24,0.0,4.25,,
2021-08-25,7091.91,3.187896,1.95,3.4,343574.3,3.1317,89391.18,3.1478,440062.39,0.0,4.25,,
2021-08-26,10114.22,3.231636,1.95,3.4,352712.7,3.1347,90331.94,3.0961,453163.86,40.0,4.25,,
2021-08-27,5274.17,3.19289,1.95,3.4,340155.05,3.1456,91303.35,3.1581,437573.57,2.0,4.25,,
2021-08-29,0.0,,0.0,0.0,0.0,,0.0,,0.0,46.0,4.25,,
2021-08-30,5497.86,3.213843,1.95,3.4,319258.0,3.1247,93196.04,3.1628,419770.9,0.0,4.25,,
2021-08-31,7375.92,3.179473,2.0,3.4,326300.45,3.1046,75576.41,3.1469,411267.78,325.0,4.25,,
2021-09-01,7572.61,3.188072,1.95,3.4,294846.15,3.0713,93271.02,3.1278,395759.78,0.0,4.25,,
2021-09-02,7113.3,3.159164,1.95,3.4,319120.0,3.0557,94600.9,3.1123,420839.2,19.0,4.25,,
2021-09-03,520.1,2.848048,2.7,3.0,2270.9,2.950797,0.0,,3312.0,0.0,4.25,,
2021-09-04,816.25,2.899204,2.7,3.25,5471.3,3.1868,0.0,,6287.55,1276.0,4.25,,
2021-09-05,0.0,,0.0,0.0,0.0,,0.0,,0.0,51.0,4.25,,
2021-09-06,7578.62,3.15224,1.95,3.4,276842.35,2.9997,98079.81,3.0792,383761.78,30.0,4.25,,
2021-09-07,7340.8,3.153788,1.95,3.4,281610.2,3.0548,90547.2,3.0906,379773.2,17.0,4.25,,
2021-09-08,6937.91,3.139225,1.95,3.4,278160.2,3.0761,87018.97,3.0924,372117.08,34.0,4.25,,
2021-09-09,6730.96,3.138827,1.95,3.4,307066.5,3.1794,88648.67,3.1532,402946.13,13.0,4.25,,
2021-09-12,0.0,,0.0,0.0,0.0,,0.0,,0.0,3.0,4.25,,
2021-09-13,6969.05,3.148473,1.95,3.4,302246.9,3.1623,97984.08,3.1998,407865.03,13.0,4.25,,
2021-09-14,6654.19,3.141715,1.95,3.4,288356.45,3.1812,91961.2,3.209,387531.84,65.0,4.25,,
2021-09-15,7083.47,3.176701,1.95,3.4,282792.05,3.2231,90136.96,3.2348,382192.4799,527.0,4.25,,
2021-09-16,6737.39,3.147314,1.95,3.4,292721.35,3.2599,96287.61,3.2832,396496.35,4.0,4.25,,
2021-09-17,413.85,2.801969,2.7,3.25,1770.0,1.739652,0.0,,2183.85,168.0,4.25,,
2021-09-18,460.7,2.813577,2.7,3.25,8160.2,3.354,0.0,,8620.9,1755.0,4.25,,
2021-09-19,0.0,,0.0,0.0,0.0,,0.0,,0.0,16.0,4.25,,
2021-09-20,8425.55,3.212707,1.95,3.45,313183.9,3.2845,89846.12,3.3045,411455.57,77.0,4.25,,
2021-09-21,7726.1,3.180997,1.95,3.45,300256.5,3.2905,96821.09,3.3176,404933.69,0.0,4.25,,
2021-09-22,7088.98,3.164576,1.95,3.4,302332.65,3.2929,94922.54,3.3086,406163.17,70.0,4.25,,
2021-09-23,9795.87,3.223845,1.95,3.4,305827.45,3.2986,90783.96,3.2524,406772.28,103.0,4.25,,
2021-09-24,6650.06,3.15453,2.1,3.4,302344.35,3.2842,96942.73,3.3016,406953.14,152.0,4.25,,
2021-09-26,0.0,,0.0,0.0,0.0,,0.0,,0.0,428.0,4.25,,
2021-09-27,6409.18,3.153365,1.95,3.45,306003.6,3.2628,93708.96,3.3067,406171.74,439.0,4.25,,
2021-09-28,7564.98,3.18737,1.95,3.5,318120.65,3.2788,86733.69,3.295,412559.32,450.0,4.25,,
2021-09-29,10276.06,3.24677,1.95,3.45,336904.05,3.3357,87651.1,3.3172,434926.21,902.0,4.25,,
2021-09-30,10424.61,3.37126,1.95,3.55,358355.4,3.3118,86332.79,3.3084,455112.8,217.0,4.25,,
2021-10-01,7847.28,3.221076,1.95,3.45,347642.85,3.2739,106172.75,3.2821,461677.88,150.0,4.25,,
2021-10-03,0.0,,0.0,0.0,0.0,,0.0,,0.0,4.0,4.25,,
2021-10-04,7443.67,3.201577,1.95,3.4,351959.85,3.1987,108664.89,3.2859,468133.41,80.0,4.25,,
2021-10-05,5850.64,3.198576,1.95,3.4,358048.15,3.1431,101514.77,3.2434,465458.56,235.0,4.25,,
2021-10-06,6077.52,3.194144,1.95,3.4,349354.45,3.1021,99602.14,3.1874,455114.11,306.0,4.25,,
2021-10-07,6625.6,3.168914,1.95,3.4,349399.5,3.1008,96789.37,3.1669,453034.47,150.0,4.25,,
2021-10-08,11547.8,3.280298,1.95,3.45,342442.4,3.105,102090.3,3.1491,456080.5,1195.0,4.25,,
2021-10-10,0.0,,0.0,0.0,0.0,,0.0,,0.0,14.0,4.25,,
2021-10-11,9614.84,3.268041,1.95,3.4,348652.2,3.0949,102304.76,3.1517,460871.8,250.0,4.25,,
2021-10-12,5762.05,3.180632,1.95,3.45,350109.0,3.0561,101967.86,3.0967,458806.91,562.0,4.25,,
2021-10-14,904.35,3.204257,2.7,3.4,2306.6,3.258685,0.0,,3210.95,450.0,4.25,,
2021-10-16,488.4,2.818151,2.25,3.45,8688.3,3.3571,0.0,,9176.7,28.0,4.25,,
2021-10-17,0.0,,0.0,0.0,0.0,,0.0,,0.0,8.0,4.25,,
2021-10-18,8249.58,3.299519,1.95,3.5,347530.9,3.2826,98645.41,3.2605,454425.89,806.0,4.25,,
2021-10-19,0.0,,0.0,0.0,0.0,,0.0,,0.0,3928.0,4.25,,
2021-10-20,8964.42,3.319428,2.0,3.45,334238.2,3.323,95513.3,3.2911,438715.92,1678.0,4.25,,
2021-10-21,12472.4,3.327182,2.0,3.45,359106.1,3.3298,97183.91,3.3165,468792.41,370.0,4.25,,
2021-10-22,11762.45,3.326236,2.0,3.6,366349.15,3.3665,109178.62,3.3346,488637.22,461.0,4.25,,
2021-10-24,0.0,,0.0,0.0,0.0,,0.0,,0.0,216.0,4.25,,
2021-10-25,10104.72,3.314009,2.0,3.5,370667.95,3.4118,111698.94,3.4045,493295.61,400.0,4.25,,
2021-10-26,9789.74,3.329289,2.0,3.65,391408.9,3.4005,91888.19,3.4131,494277.83,250.0,4.25,,
2021-10-27,7721.58,3.280395,2.0,3.5,397446.95,3.3493,87278.31,3.3893,492456.84,324.0,4.25,,
2021-10-28,7844.35,3.243086,2.0,3.5,393857.05,3.2842,89201.69,3.3322,490933.09,230.0,4.25,,
2021-10-29,964.95,2.975019,2.5,3.18,2554.6,2.776962,15.0,3.0,3534.55,455.0,4.25,,
2021-10-30,2369.5,3.284942,2.7,3.45,14985.0,3.4701,41.0,3.25,17395.5,0.0,4.25,,
2021-10-31,0.0,,0.0,0.0,0.0,,0.0,,0.0,14.0,4.25,,
2021-11-01,10736.42,3.308804,2.0,3.55,380410.4,3.3051,105368.58,3.3172,496545.4,300.0,4.25,,
2021-11-02,12826.21,3.33837,2.0,3.5,329183.25,3.3601,113047.02,3.337,455086.48,264.0,4.25,,
2021-11-03,740.37,3.101421,2.7,3.45,2121.65,1.157959,0.0,,2862.02,244.0,4.25,,
2021-11-06,2037.55,3.373538,2.6,4.0,19757.6,3.9651,0.0,,21795.15,11442.0,4.25,,
2021-11-07,0.0,,0.0,0.0,0.0,,0.0,,0.0,185.0,4.25,,
2021-11-08,11119.48,3.306452,2.0,3.45,354304.65,3.2772,100484.42,3.339,465908.55,335.0,4.25,,
2021-11-09,9024.59,3.244203,2.0,3.5,395843.2,3.3043,111176.78,3.3127,516094.57,4100.0,4.25,,
2021-11-10,7661.34,3.195645,2.0,3.5,426806.85,3.2635,110918.49,3.3029,545426.68,95.0,4.25,,
2021-11-11,6984.51,3.188572,2.0,3.5,425218.2,3.2073,105827.19,3.265,538079.9,12.0,4.25,,
2021-11-12,8127.38,3.207691,2.0,3.5,406887.7,3.249,108303.16,3.2354,523363.24,125.0,4.25,,
2021-11-14,0.0,,0.0,0.0,0.0,,0.0,,0.0,10.0,4.25,,
2021-11-15,7224.43,3.192018,2.0,3.4,362640.4,3.2684,103224.73,3.2985,473119.56,0.0,4.25,,
2021-11-16,6786.86,3.162922,2.2,3.4,366229.6,3.2752,104044.46,3.3204,477105.92,100.0,4.25,,
2021-11-17,7693.09,3.202338,2.2,3.4,359535.0,3.2707,104857.69,3.3157,472155.78,9.0,4.25,,
2021-11-18,1063.85,3.167688,2.7,3.5,2102.0,3.547979,0.0,,3235.85,1215.0,4.25,,
2021-11-20,1860.35,3.49141,2.7,3.9,11624.85,3.9483,57.0,3.6,13542.2,68.0,4.25,,
2021-11-21,0.0,,0.0,0.0,0.0,,0.0,,0.0,25.0,4.25,,
2021-11-22,13122.49,3.553485,2.0,4.0,379810.45,3.8161,123837.3,3.7128,519580.24,40.0,4.25,,
2021-11-23,8404.91,3.340062,2.0,3.75,390811.45,3.5465,102121.32,3.7178,501407.68,0.0,4.25,,
2021-11-24,8727.44999999999,3.265367,2.0,3.55,378107.65,3.3173,109313.7,3.3413,499319.8,0.0,4.25,,
2021-11-25,6898.92,3.214527,2.0,3.5,394694.05,3.2516,130965.1,3.3095,533643.07,0.0,4.25,,
2021-11-26,7448.88,3.243569,2.0,3.55,397375.05,3.2606,137292.26,3.2895,542239.19,65.0,4.25,,
2021-11-28,0.0,,0.0,0.0,0.0,,0.0,,0.0,14.0,4.25,,
2021-11-29,8643.15,3.235908,2.0,3.45,397817.9,3.3166,121633.82,3.3298,528192.87,73.0,4.25,,
2021-11-30,8332.57,3.249426,2.0,3.65,407528.25,3.366,122256.55,3.3747,538117.37,646.0,4.25,,
2021-12-01,10143.16,3.27601,2.0,3.5,415397.9,3.2817,134374.65,3.3366,560008.71,2.0,4.25,,
2021-12-03,658.85,2.96119,2.7,3.18,1695.5,2.969929,0.0,,2424.35,0.0,4.25,,
2021-12-04,780.85,3.001338,2.7,3.25,5264.0,3.2026,0.0,,6044.85,129.0,4.25,,
2021-12-05,0.0,,0.0,0.0,0.0,,0.0,,0.0,8.0,4.25,,
2021-12-06,9621.64,3.256777,2.0,3.45,369793.3,3.2686,114775.59,3.3116,494303.53,1.0,4.25,,
2021-12-07,11160.89,3.29063,2.0,3.5,353298.9,3.3069,121944.0,3.3345,487508.79,10.0,4.25,,
2021-12-08,8846.32,3.263262,2.0,3.55,366172.1,3.2865,105763.68,3.3353,482382.1,8.0,4.25,,
2021-12-09,10299.66,3.286343,2.0,3.45,388768.3,3.2962,102919.41,3.3173,502092.37,255.0,4.25,,
2021-12-10,9582.0,3.277155,2.0,3.45,381877.95,3.296,109392.16,3.3305,500927.11,0.0,4.25,,
2021-12-12,0.0,,0.0,0.0,0.0,,0.0,,0.0,13.0,4.25,,
2021-12-13,9269.38,3.283834,2.0,3.5,382659.45,3.3224,112927.82,3.3552,504931.65,56.0,4.25,,
2021-12-14,9162.07,3.288741,2.0,3.45,355864.75,3.3271,99857.2,3.3353,464934.02,0.0,4.25,,
2021-12-15,10161.77,3.328944,2.0,3.6,361204.4,3.4474,103230.99,3.4133,474597.16,1259.0,4.25,,
2021-12-16,9706.45,3.539381,2.0,4.5,393574.05,3.8203,118063.62,3.769,521382.12,263.0,4.25,,
2021-12-17,1139.8,3.368275,2.7,4.0,5480.0,3.59898,0.0,,6667.8,122.0,4.25,,
2021-12-18,2467.45,3.310556,2.7,3.5,6961.35,3.392,0.0,,9428.8,116.0,4.25,,
2021-12-19,0.0,,0.0,0.0,0.0,,0.0,,0.0,368.0,4.25,,
2021-12-20,12222.93,3.387186,2.0,3.99,363135.0,3.4739,111142.0,3.4104,486547.93,104.0,4.25,,
2021-12-21,10534.33,3.535762,1.5,4.0,379885.2,3.5571,104761.24,3.6862,495233.77,304.0,4.25,,
2021-12-22,8913.95,3.382993,2.0,3.75,419467.15,3.4256,88369.01,3.4762,516838.11,570.0,4.25,,
2021-12-23,8255.25,3.443768,2.0,3.9,397648.0,3.5358,98336.72,3.6501,504302.97,272.0,4.25,,
2021-12-24,10691.53,3.419096,2.0,3.8,393955.3,3.444,99098.37,3.5075,503750.2,6508.0,4.25,,
2021-12-26,0.0,,0.0,0.0,0.0,,0.0,,0.0,199.0,4.25,,
2021-12-27,6892.97,3.266525,2.0,3.95,391310.9,3.5175,107703.41,3.5526,505907.28,501.0,4.25,,
2021-12-28,8567.22,3.254439,2.0,3.75,414265.25,3.4967,98110.54,3.5818,520943.01,0.0,4.25,,
2021-12-29,7694.03000000001,3.280966,2.0,3.55,395531.9,3.3648,99637.42,3.4144,502863.35,15.0,4.25,,
2021-12-30,8882.43,3.333047,2.0,3.6,414021.15,3.4067,94693.66,3.4542,517597.24,3913.0,4.25,,
2021-12-31,2518.2,3.644216,2.7,3.8,2128.0,2.711442,0.0,,4646.2,8176.0,4.25,,
2022-01-01,1785.4,3.273874,2.7,3.7,17018.0,3.4151,0.0,,18803.4,1005.0,4.25,,
2022-01-02,0.0,,0.0,0.0,0.0,,0.0,,0.0,69.0,4.25,,
2022-01-03,8811.4,3.292129,2.0,3.5,425464.6,3.2526,104447.87,3.3619,538723.87,1575.0,4.25,,
2022-01-04,8619.36000000001,3.277942,2.0,3.5,400568.1,3.1564,109508.2,3.2698,518695.66,30.0,4.25,,
2022-01-05,6942.99,3.212442,2.0,3.45,395286.0,3.1697,109674.79,3.2332,511923.78,22.0,4.25,,
2022-01-06,7519.83,3.213268,2.0,3.45,395862.75,3.2247,112983.35,3.246,516390.93,170.0,4.25,,
2022-01-07,7660.18,3.262854,2.1,3.65,377786.75,3.3587,117009.53,3.3933,502476.46,10.0,4.25,,
2022-01-09,0.0,,0.0,0.0,0.0,,0.0,,0.0,45.0,4.25,,
2022-01-10,9607.59,3.308763,2.1,3.6,369462.35,3.4018,108969.65,3.427,488059.59,345.0,4.25,,
2022-01-11,9066.54,3.364339,2.1,3.65,381933.7,3.4847,109941.92,3.5673,501162.16,15.0,4.25,,
2022-01-12,9146.28,3.330137,2.1,3.55,397940.35,3.3853,103356.53,3.4661,510443.16,230.0,4.25,,
2022-01-13,9454.6,3.282134,2.1,3.45,422691.55,3.2077,98214.21,3.2964,530380.36,12.0,4.25,,
2022-01-14,1845.6,3.346643,2.7,3.5,2063.35,3.017026,0.0,,3908.95,484.0,4.25,,
2022-01-15,705.95,3.068086,2.65,3.6,6474.95,3.4392,0.0,,7180.9,44.0,4.25,,
2022-01-16,0.0,,0.0,0.0,0.0,,0.0,,0.0,8.0,4.25,,
2022-01-18,10230.44,3.616699,2.1,4.53,360572.3,3.6619,118589.7,3.6443,489504.415,192.0,4.25,,
2022-01-19,7378.83,3.666385,2.1,4.5,345282.2,4.0302,118283.29,3.9739,471051.22,4350.0,4.25,,
2022-01-21,8069.96,3.998169,2.2,4.55,359992.4,4.1956,107128.92,4.2568,475274.28,590.0,4.25,,
2022-01-23,0.0,,0.0,0.0,0.0,,0.0,,0.0,21.0,4.25,,
2022-01-24,8793.5,3.979383,2.2,4.5,372840.65,4.2043,103583.61,4.266,485305.76,525.0,4.25,,
2022-01-25,8244.46,3.658068,2.2,4.0,392371.25,3.9075,108182.7,3.883,508906.41,360.0,4.25,,
2022-01-26,0.0,,0.0,0.0,0.0,,0.0,,0.0,61.0,4.25,,
2022-01-27,8548.01,3.677562,2.2,4.25,404920.2,4.0438,119687.54,4.0359,533203.75,32.0,4.25,,
2022-01-29,596.2,2.886498,2.7,3.25,7289.75,3.4259,6.0,3.2,7891.95,244.0,4.25,,
2022-01-30,0.0,,0.0,0.0,0.0,,0.0,,0.0,21.0,4.25,,
2022-01-31,7995.89,3.219913,2.0,3.4,432730.3,3.1741,79826.63,3.2512,520552.82,160.0,4.25,,
2022-02-01,7819.75,3.25038,2.2,3.6,402801.15,3.3857,92219.78,3.45,502883.68,93.0,4.25,,
2022-02-02,7415.55,3.292507,2.2,3.8,411954.2,3.4605,103402.71,3.5222,522815.46,92.0,4.25,,
2022-02-03,7806.73,3.226458,2.2,3.5,410268.85,3.3052,98669.84,3.3416,516793.42,3.0,4.25,,
2022-02-04,626.9,2.918982,2.7,3.54,1838.5,0.8531,0.0,,2490.4,528.0,4.25,,
2022-02-05,627.65,2.92397,2.7,3.25,6876.2,4.0816,39.0,3.2,7542.85,1013.0,4.25,,
2022-02-07,0.0,,0.0,0.0,0.0,,0.0,,0.0,8505.0,4.25,,
2022-02-08,7775.7,3.258052,2.2,3.5,427795.15,3.4047,125078.88,3.3006,560649.73,310.0,4.25,,
2022-02-09,7207.09,3.281138,2.2,3.6,432711.15,3.4624,100299.86,3.411,540218.1,305.0,4.25,,
2022-02-10,6779.98,3.271983,2.0,3.6,432770.85,3.4851,107574.19,3.4464,547125.02,441.0,4.25,,
2022-02-11,7460.65000000001,3.284646,2.2,3.55,437351.85,3.2769,97038.68,3.3783,541866.18,894.0,4.25,,
2022-02-13,0.0,,0.0,0.0,0.0,,0.0,,0.0,58.0,4.25,,
2022-02-14,7979.5,3.273656,2.2,3.6,395884.5,3.3706,103968.62,3.377,507832.62,1063.0,4.25,,
2022-02-15,8333.53,3.264916,2.0,3.45,427951.6,3.3325,105885.79,3.3472,542170.92,1341.0,4.25,,
2022-02-16,7513.45,3.242508,2.2,3.45,410421.05,3.2655,112262.46,3.3242,530211.96,980.0,4.25,,
2022-02-17,7089.98,3.215424,2.2,3.45,411941.55,3.2238,113915.64,3.2411,532962.17,855.0,4.25,,
2022-02-18,8439.03,3.285581,2.0,3.55,388478.0,3.3631,118499.5,3.3875,515431.53,750.0,4.25,,
2022-02-20,0.0,,0.0,0.0,0.0,,0.0,,0.0,2.0,4.25,,
2022-02-21,9147.92,3.327206,2.0,3.8,401740.1,3.4785,123759.1,3.4483,534667.12,766.0,4.25,,
2022-02-22,7665.85,3.316691,2.2,3.65,409983.1,3.4519,122609.61,3.507,540283.56,1532.0,4.25,,
2022-02-23,7564.25,3.290847,2.2,3.55,409378.9,3.3578,115135.35,3.4032,532303.5,1137.0,4.25,,
2022-02-24,8557.41,3.272227,2.0,3.5,395083.0,3.3408,124551.34,3.3765,528249.65,1007.0,4.25,,
2022-02-25,7429.99,3.275124,2.2,3.5,412582.65,3.2539,117514.57,3.324,537562.21,1858.0,4.25,,
2022-02-27,0.0,,0.0,0.0,0.0,,0.0,,0.0,88.0,4.25,,
2022-02-28,7696.11,3.289156,2.2,3.6,376262.65,3.2301,119620.81,3.2373,503579.57,1176.0,4.25,,
2022-03-01,0.0,,0.0,0.0,0.0,,0.0,,0.0,1203.0,4.25,,
2022-03-02,8234.44,3.267738,2.2,3.45,366076.95,3.2544,120526.47,3.28,494872.86,1090.0,4.25,,
2022-03-03,8376.2,3.279415,2.2,3.55,376714.3,3.2494,129145.08,3.2619,514285.48,1114.0,4.25,,
2022-03-04,548.98,2.95255,2.7,3.45,5540.5,0.888741,0.0,,6139.38,1243.0,4.25,,
2022-03-05,1233.95,3.234126,2.4,3.5,6670.45,3.5057,10.0,3.3,7914.4,414.0,4.25,,
2022-03-06,0.0,,0.0,0.0,0.0,,0.0,,0.0,66.0,4.25,,
2022-03-07,7603.34,3.293177,2.0,3.65,375979.9,3.4268,135872.04,3.4841,519538.18,1156.0,4.25,,
2022-03-08,6617.51,3.276771,2.0,3.65,382609.35,3.4988,151052.28,3.5019,540309.24,952.0,4.25,,
2022-03-09,7802.59,3.321201,2.0,3.65,372860.6,3.5198,140495.92,3.5733,521359.11,804.0,4.25,,
2022-03-10,9830.25,3.453087,2.0,4.0,360539.1,3.770618,141114.52,3.6895,511518.97,5437.0,4.25,,
2022-03-11,8495.81,3.284241,2.0,3.5,368832.3,3.2605,125648.48,3.3731,503056.39,897.0,4.25,,
2022-03-13,0.0,,0.0,0.0,0.0,,0.0,,0.0,6.0,4.25,,
2022-03-14,7736.69,3.243862,2.2,3.45,371072.2,3.2199,121030.65,3.2725,499926.04,1547.0,4.25,,
2022-03-15,7437.05,3.243577,2.2,3.45,350066.95,3.2691,118118.53,3.2806,475622.53,870.0,4.25,,
2022-03-16,7705.01,3.244695,2.0,3.55,344745.85,3.2901,111888.49,3.2804,464417.25,609.0,4.25,,
2022-03-17,781.55,3.191152,2.7,3.6,3073.25,2.914987,0.0,,3939.8,1559.0,4.25,,
2022-03-19,630.95,2.931017,2.7,3.65,16214.45,3.4252,48.0,3.0063,16893.4,1857.0,4.25,,
2022-03-20,0.0,,0.0,0.0,0.0,,0.0,,0.0,42.0,4.25,,
2022-03-21,9801.35,3.334195,2.0,3.6,361436.5,3.4021,129660.8,3.4847,500966.65,491.0,4.25,,
2022-03-22,9503.25,3.360508,2.0,3.85,370094.5,3.5625,133351.04,3.5419,513003.79,248.0,4.25,,
2022-03-23,7708.1,3.299963,2.0,3.7,370028.8,3.5077,127784.01,3.5192,505520.91,227.0,4.25,,
2022-03-24,14239.92,3.407517,2.0,3.6,365722.65,3.4566,127090.73,3.4486,507053.3,2608.0,4.25,,
2022-03-25,11325.66,3.301483,2.2,3.5,348388.5,3.299,122009.5,3.3321,481723.66,11.0,4.25,,
2022-03-27,0.0,,0.0,0.0,0.0,,0.0,,0.0,26.0,4.25,,
2022-03-28,10398.31,3.293513,2.0,3.5,382799.65,3.2668,103671.12,3.2771,496869.08,344.0,4.25,,
2022-03-29,9753.92,3.306048,2.2,3.6,354281.4,3.3924,119616.67,3.3977,483689.99,0.0,4.25,,
2022-03-30,11484.75,3.269493,2.2,3.6,339887.25,3.3788,102443.35,3.3389,453815.35,5.0,4.25,,
2022-03-31,7013.25,3.556571,2.2,4.1,325705.55,3.6374,128003.95,3.5557,460722.75,52.0,4.25,,
2022-04-01,0.0,,0.0,0.0,0.0,,0.0,,0.0,568.0,4.25,,
2022-04-03,0.0,,0.0,0.0,0.0,,0.0,,0.0,111.0,4.25,,
2022-04-04,9308.26,3.251316,2.2,3.4,344847.35,3.132,109958.58,3.1685,464152.19,7.0,4.25,,
2022-04-05,11105.02,3.265363,2.2,3.55,350152.4,3.4055,122915.92,3.3391,484261.34,1.0,4.25,,
2022-04-06,8365.77,3.26282,2.2,3.6,354084.8,3.3388,120309.85,3.2783,482870.42,52.0,4.25,,
2022-04-07,12343.0,3.27427,2.2,3.55,360162.35,3.364,126186.48,3.2949,498721.83,2748.0,4.25,,
2022-04-08,8556.47,3.327449,2.2,3.8,395106.85,3.3378,123666.15,3.4328,527329.47,33.0,4.25,234996.0,3.75
2022-04-10,0.0,,0.0,0.0,0.0,,0.0,,0.0,80.0,4.25,8041.0,3.75
2022-04-11,8492.87,3.434698,2.2,3.8,393625.8,3.5433,113277.84,3.2058,515416.51,292.0,4.25,235650.0,3.75
2022-04-12,8152.59,3.441843,2.2,3.8,373991.5,3.5472,121064.24,3.2403,503208.33,70.0,4.25,243159.0,3.75
2022-04-13,788.11,3.36559,2.9,3.8,4441.1,3.634364,0.0,,5229.21,113.0,4.25,210299.0,3.75
2022-04-16,2144.1,3.694713,2.9,4.0,31937.9,4.0,7617.83,4.0148,41699.83,706.0,4.25,37909.0,3.75
2022-04-17,0.0,,0.0,0.0,0.0,,0.0,,0.0,2.0,4.25,6253.0,3.75
2022-04-18,9253.55,3.514405,2.2,3.85,406126.6,3.5588,107743.47,3.2733,523225.62,284.0,4.25,234424.0,3.75
2022-04-20,8487.61,3.517856,2.2,3.95,377175.9,3.5748,108375.55,3.2536,494064.06,735.0,4.25,186363.0,3.75
2022-04-21,9234.84,3.531711,2.2,3.9,370501.35,3.6838,123760.03,3.4062,503516.22,152.0,4.25,118136.0,3.75
2022-04-22,8441.66,3.545145,2.3,3.99,364254.35,3.7506,124745.72,3.3339,497476.73,140.0,4.25,166762.0,3.75
2022-04-24,0.0,,0.0,0.0,0.0,,0.0,,0.0,28.0,4.25,3907.0,3.75
2022-04-25,8831.29,3.567574,2.3,3.9,354615.75,3.7434,119344.59,3.4721,482816.63,155.0,4.25,136450.0,3.75
2022-04-26,9202.6,3.598518,2.3,4.0,366333.3,3.7871,111760.92,3.5294,487521.82,248.0,4.25,141119.0,3.75
2022-04-27,10377.57,3.633635,2.3,3.95,368925.8,3.7841,119274.11,3.5935,498602.48,4.0,4.25,133241.0,3.75
2022-04-28,11548.58,3.637959,2.3,3.95,367466.75,3.8073,121849.54,3.6699,500864.87,22.0,4.25,91837.0,3.75
2022-04-29,594.57,3.143549,2.9,3.94,2886.2,3.461081,0.0,,3480.77,58.0,4.25,110806.0,3.75
2022-04-30,466.33,3.192299,2.9,4.0,15941.4,3.874,228.0,3.65,16635.73,1643.0,4.25,42694.0,3.75
2022-05-01,0.0,,0.0,0.0,0.0,,0.0,,0.0,217.0,4.25,9331.0,3.75
2022-05-02,9524.38,3.645136,2.3,3.9,314234.6,3.7568,132089.53,3.7261,455953.51,0.0,4.25,138634.0,3.75
2022-05-03,0.0,,0.0,0.0,0.0,,0.0,,0.0,385.0,4.25,29461.0,3.75
2022-05-04,9960.11,3.670756,2.3,4.4,315485.0,3.7623,124929.22,3.7163,450449.33,39.0,4.65,182820.0,4.15
2022-05-05,13135.56,4.057677,2.3,4.35,326148.95,4.1437,142211.57,4.1238,481571.08,0.0,4.65,160606.0,4.15
2022-05-06,420.74,3.57086,3.2,4.25,2720.0,4.042735,0.0,,3165.74,65.0,4.65,197576.0,4.15
2022-05-07,487.92,3.646198,3.2,4.5,11924.6,4.2717,40.0,4.09,12452.52,1808.0,4.65,27713.0,4.15
2022-05-08,0.0,,0.0,0.0,0.0,,0.0,,0.0,71.0,4.65,7685.0,4.15
2022-05-09,9550.1,4.046209,2.3,4.3,324806.75,4.071,124333.99,4.0871,458715.84,0.0,4.65,209839.0,4.15
2022-05-10,10740.55,4.088071,2.3,4.35,325439.25,4.0431,126951.35,4.0213,463151.15,380.0,4.65,223949.0,4.15
2022-05-11,10054.4,4.042969,2.3,4.35,327273.9,4.0264,135880.55,3.9676,473233.85,179.0,4.65,220982.0,4.15
2022-05-12,11609.69,4.057314,2.3,4.3,344822.3,4.0452,140327.33,4.0142,496784.32,820.0,4.65,227181.0,4.15
2022-05-13,10596.39,4.081525,2.0,4.3,354326.6,4.0502,137824.22,4.0105,503276.21,248.0,4.65,221801.0,4.15
2022-05-16,0.0,,0.0,0.0,0.0,,0.0,,0.0,782.0,4.65,34454.0,4.15
2022-05-17,10771.36,4.052097,2.3,4.3,390724.0,4.0396,110561.92,4.0764,512162.28,152.0,4.65,281767.0,4.15
2022-05-18,10317.59,4.03708,2.3,4.3,401835.0,4.0117,102104.92,4.0226,514257.51,171.0,4.65,248364.0,4.15
2022-05-19,9318.24,4.000833,2.3,4.35,393063.55,4.0384,114730.52,4.0346,517112.31,795.0,4.65,230186.0,4.15
2022-05-20,843.65,3.575861,3.3,4.0,5832.9,4.035732,360.0,4.11,7036.55,1009.0,4.65,139323.0,4.15
2022-05-21,738.65,3.803405,3.3,4.4,8472.9,4.227,50.0,4.05,9261.55,134.0,4.65,33270.0,4.15
2022-05-22,0.0,,0.0,0.0,0.0,,0.0,,0.0,3.0,4.65,5029.0,4.15
2022-05-23,11534.64,4.125909,2.3,4.35,412334.15,4.1479,102112.3,4.1341,526181.09,408.0,4.65,155767.0,4.15
2022-05-24,9557.52,4.075786,2.4,4.3,399905.95,4.1115,99226.32,4.1106,508734.79,396.0,4.65,147489.0,4.15
2022-05-25,11005.98,4.106483,2.3,4.35,389683.3,4.1294,110869.46,4.0897,511603.74,312.0,4.65,134054.0,4.15
2022-05-26,10778.07,4.082565,2.3,4.4,392603.3,4.1708,112906.75,4.1218,516433.12,52.0,4.65,126696.0,4.15
2022-05-27,10198.89,4.09355,2.35,4.35,391060.0,4.1948,123041.77,4.1451,524345.66,101.0,4.65,120712.0,4.15
2022-05-29,0.0,,0.0,0.0,0.0,,0.0,,0.0,28.0,4.65,6085.0,4.15
2022-05-30,11319.06,4.106743,2.0,4.3,380178.3,4.1847,127172.83,4.1562,518760.19,130.0,4.65,112822.0,4.15
2022-05-31,10939.32,4.087543,2.4,4.3,386245.95,4.1512,146982.42,4.1501,544167.69,0.0,4.65,144101.0,4.15
2022-06-01,12737.33,4.133777,2.35,4.5,386829.35,4.1015,111068.69,4.1128,510635.37,304.0,4.65,194418.0,4.15
2022-06-02,11865.95,4.073827,2.35,4.45,381481.0,4.0742,116110.36,4.0809,509557.31,100.0,4.65,181860.0,4.15
2022-06-03,919.13,3.828993,3.3,4.35,3859.25,3.885494,0.0,,4808.38,547.0,4.65,369177.0,4.15
2022-06-04,1265.15,3.879666,3.25,4.25,5184.1,4.2209,0.0,,6449.25,11.0,4.65,36922.0,4.15
2022-06-05,0.0,,0.0,0.0,0.0,,0.0,,0.0,6.0,4.65,3279.0,4.15
2022-06-06,14927.21,4.152272,2.35,4.5,386118.9,4.0528,119453.82,4.0635,520519.93,313.0,4.65,357750.0,4.15
2022-06-07,12747.23,4.109565,2.35,4.4,382459.5,4.0569,116930.63,4.059,512137.36,302.0,4.65,354623.0,4.15
2022-06-08,13057.37,4.367636,2.35,4.95,390402.0,4.5307,109932.25,4.5365,513391.62,6.0,5.15,366780.0,4.65
2022-06-09,15184.98,4.602087,2.35,4.8,392702.0,4.5315,112754.87,4.5546,520641.85,0.0,5.15,359114.0,4.65
2022-06-10,11777.14,4.538938,2.35,4.8,422908.75,4.5412,117537.76,4.5217,552223.65,0.0,5.15,392400.0,4.65
2022-06-12,0.0,,0.0,0.0,0.0,,0.0,,0.0,115.0,5.15,7042.0,4.65
2022-06-13,12266.78,4.54506,3.3,4.8,433422.6,4.5351,106468.08,4.5427,552157.46,305.0,5.15,395240.0,4.65
2022-06-14,10723.86,4.540427,2.3,4.8,426216.35,4.5377,110967.77,4.4328,547907.98,310.0,5.15,398525.0,4.65
2022-06-15,11190.77,4.535197,3.3,4.8,405673.7,4.5448,117713.02,4.558,534577.49,102.0,5.15,384055.0,4.65
2022-06-16,11922.57,4.540759,2.35,4.8,421173.15,4.561,116129.21,4.5607,549424.93,100.0,5.15,324432.0,4.65
2022-06-17,1327.1,4.091813,3.75,4.8,3018.0,4.671013,0.0,,4385.1,7.0,5.15,166192.0,4.65
2022-06-18,1373.97,4.281,3.8,4.51,6182.4,4.6433,38.0,4.6,7594.37,107.0,5.15,24184.0,4.65
2022-06-19,0.0,,0.0,0.0,0.0,,0.0,,0.0,44.0,5.15,2182.0,4.65
2022-06-20,12103.81,4.584085,2.3,4.8,430572.3,4.7133,130623.3,4.6936,573379.41,572.0,5.15,152479.0,4.65
2022-06-21,13247.02,4.616374,2.35,4.9,412298.6,4.6963,145781.1,4.6803,571326.72,85.0,5.15,146287.0,4.65
2022-06-22,12292.27,4.609561,2.5,4.9,423416.45,4.7154,142931.7,4.6974,578640.42,3054.0,5.15,145947.0,4.65
2022-06-24,12609.98,4.663722,3.3,4.9,424279.9,4.7682,159391.12,4.7231,596316.0,219.0,5.15,133218.0,4.65
2022-06-26,0.0,,0.0,0.0,0.0,,0.0,,0.0,27.0,5.15,5000.0,4.65
2022-06-27,14275.98,4.677772,2.5,5.0,407482.6,4.7567,150028.28,4.7413,571816.86,175.0,5.15,149138.0,4.65
2022-06-28,14274.3,4.679106,2.5,4.95,393039.7,4.7348,148056.83,4.7357,555370.83,181.0,5.15,168722.0,4.65
2022-06-29,20303.16,4.753728,3.3,4.95,390194.05,4.6608,132308.59,4.6747,542805.8,3411.0,5.15,186977.0,4.65
2022-06-30,12730.02,4.745223,3.25,5.1,381991.75,4.6868,139002.85,4.6217,533724.62,640.0,5.15,223562.0,4.65
2022-07-01,1181.3,4.300614,3.8,5.0,4246.0,4.773319,50.0,4.6,5572.3,504.0,5.15,149825.0,4.65
2022-07-02,1291.43,4.283921,3.7,4.9,13142.65,4.6472,0.0,,14434.08,25.0,5.15,44424.0,4.65
2022-07-03,0.0,,0.0,0.0,0.0,,0.0,,0.0,4.0,5.15,4919.0,4.65
2022-07-04,16932.34,4.724278,3.0,4.95,393745.75,4.6664,169746.6,4.7187,580519.69,202.0,5.15,161099.0,4.65
2022-07-05,15620.69,4.716598,3.3,4.9,367879.7,4.6377,136604.81,4.6474,520150.2,327.0,5.15,196499.0,4.65
2022-07-06,13909.54,4.688492,3.0,4.85,344904.8,4.6354,141120.35,4.6479,499959.69,322.0,5.15,159209.0,4.65
2022-07-07,15207.72,4.680094,3.3,4.85,346508.85,4.663,144235.24,4.6762,506001.81,352.0,5.15,125646.0,4.65
2022-07-08,14031.28,4.681184,3.3,4.85,368289.7,4.7527,138092.59,4.7325,520488.57,370.0,5.15,115902.0,4.65
2022-07-10,0.0,,0.0,0.0,0.0,,0.0,,0.0,10.0,5.15,7094.0,4.65
2022-07-11,14136.58,4.692925,3.3,4.9,362419.75,4.763,127729.23,4.7686,504380.56,1367.0,5.15,94077.0,4.65
2022-07-12,11710.21,4.657581,3.3,4.9,361401.05,4.7306,134981.27,4.766,508177.53,277.0,5.15,116810.0,4.65
2022-07-13,13919.61,4.667701,3.3,4.85,352268.35,4.6594,137030.45,4.7021,503218.41,298.0,5.15,135917.0,4.65
2022-07-14,14850.16,4.678719,3.3,4.85,367471.05,4.6508,126496.51,4.6817,508817.72,120.0,5.15,122152.0,4.65
2022-07-15,1046.02,4.463831,3.8,5.05,4253.3,4.796063,0.0,,5299.32,1089.0,5.15,100227.0,4.65
2022-07-16,705.8,4.308395,3.8,4.95,10891.0,4.7048,36.0,4.55,11632.8,37.0,5.15,27914.0,4.65
2022-07-17,0.0,,0.0,0.0,0.0,,0.0,,0.0,2.0,5.15,4475.0,4.65
2022-07-18,14735.46,4.704946,2.5,4.9,366120.45,4.7843,130097.22,4.7914,510953.13,83.0,5.15,88341.0,4.65
2022-07-19,14316.95,4.737332,2.5,4.92,366397.6,4.7887,137900.26,4.81,518914.81,1175.0,5.15,88597.0,4.65
2022-07-20,15665.47,4.755662,3.3,4.9,342801.45,4.817,135891.5,4.8322,494408.42,890.0,5.15,73537.0,4.65
2022-07-21,17303.05,4.81915,3.3,5.25,335303.65,5.0581,134966.46,4.9899,487623.16,3661.0,5.15,50435.0,4.65
2022-07-22,14576.47,4.983819,3.3,5.3,347560.2,5.1496,132034.23,5.1418,494170.9,15456.0,5.15,49796.0,4.65
2022-07-24,0.0,,0.0,0.0,0.0,,0.0,,0.0,60.0,5.15,3960.0,4.65
2022-07-25,14590.08,5.057664,3.3,5.4,351329.3,5.1495,124973.6,5.1546,490892.98,59312.0,5.15,51909.0,4.65
2022-07-26,13259.27,5.091964,3.3,5.5,360211.2,5.1545,121573.39,5.1753,495043.86,29032.0,5.15,48205.0,4.65
2022-07-27,11742.45,5.072015,3.3,5.45,362041.15,5.1545,121793.24,5.1713,495661.84,33001.0,5.15,51810.0,4.65
2022-07-28,11831.4,5.064773,3.3,5.4,349140.55,5.1539,121353.09,5.1822,482360.04,10161.0,5.15,50759.0,4.65
2022-07-29,1364.98,4.439551,3.8,5.1,7948.7,5.026318,0.0,,9313.68,139.0,5.15,148888.0,4.65
2022-07-30,618.87,4.24002,3.8,4.51,22442.55,4.7839,159.0,4.63,23220.42,778.0,5.15,37268.0,4.65
2022-07-31,0.0,,0.0,0.0,0.0,,0.0,,0.0,14.0,5.15,4964.0,4.65
2022-08-01,12187.48,4.744279,3.35,4.95,356299.55,4.5978,131746.22,4.7613,500256.25,1079.0,5.15,215676.0,4.65
2022-08-02,12042.1,4.664855,3.25,4.85,343225.55,4.5237,127606.67,4.6078,482944.32,1307.0,5.15,286943.0,4.65
2022-08-03,13735.48,4.658803,3.25,4.85,355845.95,4.5245,126011.72,4.6045,495893.15,1695.0,5.15,277871.0,4.65
2022-08-04,10492.23,4.591032,3.25,4.8,363098.1,4.5198,121018.03,4.5926,494668.36,1518.0,5.15,299271.0,4.65
2022-08-05,799.65,4.442437,3.8,4.8,2819.65,4.482644,0.0,,3769.3,1295.0,5.65,255858.0,5.15
2022-08-06,518.47,4.452287,4.0,5.4,6750.95,5.3347,15.0,5.0,7284.42,3252.0,5.65,22648.0,5.15
2022-08-07,0.0,,0.0,0.0,0.0,,0.0,,0.0,137.0,5.65,3809.0,5.15
2022-08-08,12608.51,5.107934,3.5,5.3,365835.85,5.1155,131086.14,5.1382,509610.5,1523.0,5.65,175249.0,5.15
2022-08-09,0.0,,0.0,0.0,0.0,,0.0,,0.0,2203.0,5.65,40813.0,5.15
2022-08-10,11233.53,5.098006,3.5,5.3,378972.05,5.1309,131404.21,5.1595,521659.79,1715.0,5.65,200045.0,5.15
2022-08-11,11083.16,5.055876,3.25,5.25,379973.65,5.1069,135596.47,5.1535,526748.28,1905.0,5.65,211305.0,5.15
2022-08-12,13029.69,5.173478,3.5,5.5,383926.45,5.2722,150136.24,5.2992,547635.38,2786.0,5.65,129659.0,5.15
2022-08-16,0.0,,0.0,0.0,0.0,,0.0,,0.0,4580.0,5.65,50175.0,5.15
2022-08-17,11838.88,5.082551,3.5,5.3,392511.6,5.158,133600.74,5.1897,537951.22,2315.0,5.65,155566.0,5.15
2022-08-18,9791.55,5.093132,3.5,5.3,385941.0,5.158,139423.1,5.1938,535265.65,1595.0,5.65,183520.0,5.15
2022-08-19,1234.15,4.91469,4.1,5.1,4280.5,4.912865,0.0,,5689.65,1681.0,5.65,125180.0,5.15
2022-08-20,810.85,4.405217,4.1,5.1,9121.95,5.3739,71.0,5.12,10003.8,516.0,5.65,39886.0,5.15
2022-08-21,0.0,,0.0,0.0,0.0,,0.0,,0.0,12.0,5.65,4365.0,5.15
2022-08-22,11465.21,5.106557,3.8,5.35,416150.95,5.203,142490.29,5.2219,570246.45,2107.0,5.65,107279.0,5.15
2022-08-23,11634.23,5.122216,3.8,5.35,424507.1,5.1984,141853.07,5.2163,578244.4,2590.0,5.65,135686.0,5.15
2022-08-24,11005.79,5.081488,3.8,5.3,418698.1,5.1826,139866.99,5.207,569735.88,2490.0,5.65,132406.0,5.15
2022-08-25,14265.95,5.132359,3.8,5.4,412788.55,5.1705,135785.75,5.1851,563130.25,1561.0,5.65,144918.0,5.15
2022-08-26,11804.0,5.147753,3.8,5.45,411476.95,5.2827,142838.64,5.272,566194.59,4034.0,5.65,112050.0,5.15
2022-08-28,0.0,,0.0,0.0,0.0,,0.0,,0.0,11.0,5.65,3329.0,5.15
2022-08-29,13325.48,5.152934,3.8,5.45,396450.15,5.2316,150223.75,5.2367,560094.38,3113.0,5.65,112464.0,5.15
2022-08-30,12103.39,5.21071,3.8,5.7,383220.25,5.4341,165067.95,5.3443,560391.59,2176.0,5.65,74466.0,5.15
2022-08-31,0.0,,0.0,0.0,0.0,,0.0,,0.0,2678.0,5.65,50988.0,5.15
2022-09-01,12925.79,5.304864,3.8,5.65,410964.45,5.4215,153777.73,5.4518,577667.97,2082.0,5.65,151032.0,5.15
2022-09-02,556.9,4.426665,4.0,5.15,1955.85,4.946881,0.0,,2592.75,2056.0,5.65,180516.0,5.15
2022-09-03,819.17,4.722923,4.0,5.3,5364.3,5.1621,121.59,5.0666,6305.06,136.0,5.65,38067.0,5.15
2022-09-04,0.0,,0.0,0.0,0.0,,0.0,,0.0,183.0,5.65,3192.0,5.15
2022-09-05,12271.14,5.119352,3.8,5.3,403736.7,5.1071,114130.09,5.1727,530557.93,2177.0,5.65,211710.0,5.15
2022-09-06,10513.77,5.077901,3.8,5.35,381397.15,5.1168,127086.9,5.1527,519062.82,2544.0,5.65,193085.0,5.15
2022-09-07,11487.34,5.079504,3.8,5.25,392623.5,5.1336,122989.67,5.1561,527200.51,3526.0,5.65,167522.0,5.15
2022-09-08,11233.38,5.065307,3.8,5.3,394514.5,5.1394,126020.99,5.1465,531843.87,2895.0,5.65,141854.0,5.15
2022-09-09,11745.59,5.145161,3.8,5.4,403318.5,5.21,132331.28,5.2288,547475.37,2029.0,5.65,143462.0,5.15
2022-09-11,0.0,,0.0,0.0,0.0,,0.0,,0.0,23.0,5.65,6725.0,5.15
2022-09-12,11546.98,5.128589,3.8,5.3,388677.1,5.1811,124037.05,5.1875,524346.13,1012.0,5.65,102331.0,5.15
2022-09-13,10854.71,5.130914,3.8,5.35,385704.8,5.1702,121164.77,5.1947,517819.28,755.0,5.65,93091.0,5.15
2022-09-14,10912.0,5.126557,3.8,5.35,380902.6,5.1579,121909.65,5.1968,513869.25,800.0,5.65,110677.0,5.15
2022-09-15,11419.65,5.166561,3.8,5.4,370036.15,5.2987,126446.23,5.2869,507902.03,1291.0,5.65,90998.0,5.15
2022-09-16,493.61,4.654031,4.1,5.6,4049.5,5.273295,932.24,5.15,5475.35,13409.0,5.65,61548.0,5.15
2022-09-17,411.88,4.45633,4.1,5.65,12999.25,5.5365,56.0,5.4795,13467.13,626.0,5.65,25054.0,5.15
2022-09-18,0.0,,0.0,0.0,0.0,,0.0,,0.0,8006.0,5.65,3248.0,5.15
2022-09-19,9881.0,5.378549,4.0,5.8,397693.2,5.6207,135362.94,5.572,543167.14,11125.0,5.65,56315.0,5.15
2022-09-20,13056.75,5.470694,4.0,5.8,410312.1,5.648,139739.12,5.622,563607.97,30561.0,5.65,53788.0,5.15
2022-09-21,13475.26,5.538553,3.8,5.85,421068.75,5.646,135047.08,5.6389,569691.09,26904.0,5.65,60343.0,5.15
2022-09-22,14220.23,5.509406,3.8,5.8,409715.6,5.5345,135067.54,5.6011,559542.37,410.0,5.65,122441.0,5.15
2022-09-23,14145.36,5.396058,3.8,5.7,440584.15,5.453,150701.96,5.4373,605431.47,9657.0,5.65,97762.0,5.15
2022-09-25,0.0,,0.0,0.0,0.0,,0.0,,0.0,190.0,5.65,3820.0,5.15
2022-09-26,12951.56,5.354211,3.8,5.75,452679.95,5.5239,154177.42,5.4128,619808.93,9586.0,5.65,82161.0,5.15
2022-09-27,12896.18,5.443381,3.8,5.75,452750.5,5.6459,151105.53,5.5329,616802.21,23866.0,5.65,89003.0,5.15
2022-09-28,13574.74,5.514398,3.8,5.75,443073.15,5.6513,155403.3,5.5784,612101.19,24669.0,5.65,81138.0,5.15
2022-09-29,13834.63,5.548756,3.8,5.75,456159.2,5.6507,153875.96,5.5733,623869.79,34027.0,5.65,75443.0,5.15
2022-09-30,471.5,4.907264,4.3,5.65,3856.0,5.524096,1998.44,5.9,6325.94,18179.0,6.15,111274.0,5.65
2022-10-01,1129.0,5.720195,5.0,6.0,18807.05,5.6561,110.0,5.6,20046.05,42161.0,6.15,114711.0,5.65
2022-10-02,0.0,,0.0,0.0,0.0,,0.0,,0.0,21.0,6.15,9220.0,5.65
2022-10-03,12550.14,5.768539,4.1,5.85,410381.25,5.6546,144297.57,5.5789,567228.96,220.0,6.15,177611.0,5.65
2022-10-04,10756.81,5.75215,4.8,5.9,407830.6,5.6374,129882.96,5.4981,548790.37,323.0,6.15,204461.0,5.65
2022-10-05,0.0,,0.0,0.0,0.0,,0.0,,0.0,1275.0,6.15,15971.0,5.65
2022-10-06,11331.88,5.730867,4.7,5.9,399347.0,5.6467,151964.2,5.5713,562693.08,423.0,6.15,178401.0,5.65
2022-10-07,10608.96,5.836508,4.75,6.25,388398.25,5.9342,152681.82,5.7819,551689.03,1636.0,6.15,87646.0,5.65
2022-10-09,0.0,,0.0,0.0,0.0,,0.0,,0.0,885.0,6.15,3038.0,5.65
2022-10-10,11773.81,6.018669,4.85,6.25,430514.4,6.1307,137957.62,5.9949,580245.83,21173.0,6.15,57930.0,5.65
2022-10-11,9947.19,6.111446,4.85,6.25,428949.7,6.1446,147780.16,6.0804,586677.05,5510.0,6.15,62843.0,5.65
2022-10-12,10639.83,6.12626,4.2,6.25,441013.05,6.1417,143998.34,6.0905,597823.22,22436.0,6.15,61323.0,5.65
2022-10-13,11256.45,6.11738,4.2,6.25,430635.2,6.1435,154339.78,6.0794,596231.43,4673.0,6.15,48144.0,5.65
2022-10-14,490.0,5.888367,5.0,6.15,6269.65,5.996874,0.0,,9650.65,13358.0,6.15,49430.0,5.65
2022-10-15,146.0,5.223288,5.0,5.55,22128.9,5.8838,15.75,5.6,22290.65,407.0,6.15,29893.0,5.65
2022-10-16,0.0,,0.0,0.0,0.0,,0.0,,0.0,12005.0,6.15,3877.0,5.65
2022-10-17,8820.4,6.146897,4.2,6.25,463844.65,6.1157,135528.47,6.0997,608193.52,4301.0,6.15,62862.0,5.65
2022-10-18,11305.75,6.161264,4.2,6.25,457581.45,6.0709,151098.87,6.0878,620111.07,1574.0,6.15,77607.0,5.65
2022-10-19,10856.06,6.090943,4.2,6.2,456321.3,6.0033,139056.46,5.9603,606308.82,1412.0,6.15,53879.0,5.65
2022-10-20,12460.11,6.132854,4.25,6.25,424362.05,6.1414,141258.68,6.0499,578080.84,20028.0,6.15,52170.0,5.65
2022-10-21,11819.67,6.204868,4.25,6.31,448723.15,6.1525,146245.54,6.1115,606788.36,51134.0,6.15,80645.0,5.65
2022-10-24,0.0,,0.0,0.0,0.0,,0.0,,0.0,6016.0,6.15,12156.0,5.65
2022-10-25,10057.27,6.170585,4.25,6.25,453875.2,6.1543,143599.76,6.1319,608626.23,51885.0,6.15,56161.0,5.65
2022-10-26,0.0,,0.0,0.0,0.0,,0.0,,0.0,733.0,6.15,25809.0,5.65
2022-10-27,12666.91,6.146132,4.1,6.25,461406.3,6.154,163133.74,6.141,637861.95,21331.0,6.15,69409.0,5.65
2022-10-28,355.5,5.746976,5.25,6.25,6911.6,6.098962,0.0,,7888.1,21623.0,6.15,60602.0,5.65
2022-10-29,94.0,5.731649,5.25,6.1,7996.35,6.152,154.0,6.0,8244.35,16187.0,6.15,18400.0,5.65
2022-10-30,0.0,,0.0,0.0,0.0,,0.0,,0.0,1174.0,6.15,2887.0,5.65
2022-10-31,13639.27,6.21251,5.0,6.25,451455.3,6.1276,148548.89,6.1019,613643.46,1662.0,6.15,84768.0,5.65
2022-11-01,11325.56,6.130138,4.0,6.25,452242.05,5.8971,142718.88,5.9676,606286.49,351.0,6.15,126959.0,5.65
2022-11-02,13241.06,5.928837,4.1,6.0,417223.0,5.6551,140655.1,5.7084,571344.16,537.0,6.15,189956.0,5.65
2022-11-03,12620.96,5.78561,4.1,5.9,402965.35,5.585,129686.12,5.5784,545312.43,473.0,6.15,190489.0,5.65
2022-11-04,1058.75,5.665256,5.1,5.9,6607.95,5.534991,0.0,,7691.7,574.0,6.15,143335.0,5.65
2022-11-05,325.4,5.885719,5.2,6.15,7376.1,6.0531,38.0,5.85,7739.5,3426.0,6.15,14500.0,5.65
2022-11-06,0.0,,0.0,0.0,0.0,,0.0,,0.0,366.0,6.15,2586.0,5.65
2022-11-07,12008.31,5.829135,4.75,5.95,418103.7,5.7663,143098.43,5.6763,573210.44,553.0,6.15,67723.0,5.65
2022-11-08,0.0,,0.0,0.0,0.0,,0.0,,0.0,7423.0,6.15,13880.0,5.65
2022-11-09,12933.35,5.918327,4.1,6.05,421201.6,5.8888,151340.61,5.8261,585545.56,552.0,6.15,102762.0,5.65
2022-11-10,12050.35,5.887916,4.1,5.95,416070.45,5.7381,150728.51,5.7725,578874.31,465.0,6.15,122825.0,5.65
2022-11-11,12216.18,5.872829,4.1,5.95,416816.5,5.6793,138497.5,5.6874,567555.18,366.0,6.15,137723.0,5.65
2022-11-13,0.0,,0.0,0.0,0.0,,0.0,,0.0,7.0,6.15,1950.0,5.65
2022-11-14,13942.41,5.829607,4.1,5.9,394807.85,5.676,136795.17,5.6872,547212.43,2495.0,6.15,140412.0,5.65
2022-11-15,11815.69,5.823208,4.1,5.9,400668.35,5.6768,148445.11,5.6874,561004.15,245.0,6.15,151934.0,5.65
2022-11-16,11978.69,5.828916,4.1,5.9,382526.5,5.6606,139497.98,5.6708,534043.17,83.0,6.15,154901.0,5.65
2022-11-17,11206.24,5.836827,4.75,5.9,402261.05,5.6624,127436.79,5.6765,540953.17,109.0,6.15,168921.0,5.65
2022-11-18,221.6,5.378845,5.1,5.9,5600.35,5.52962,0.0,,7557.85,3250.0,6.15,91107.0,5.65
2022-11-19,245.9,5.614294,5.1,5.9,7913.35,5.7781,20.0,5.65,8179.25,2664.0,6.15,17829.0,5.65
2022-11-20,0.0,,0.0,0.0,0.0,,0.0,,0.0,429.0,6.15,2668.0,5.65
2022-11-21,14332.65,6.063932,4.2,6.3,403414.4,6.0854,156306.22,6.0054,574123.17,15736.0,6.15,53653.0,5.65
2022-11-22,12503.42,6.173975,4.15,6.3,430815.75,6.1515,141316.67,6.1163,584685.84,15921.0,6.15,46359.0,5.65
2022-11-23,11086.71,6.188237,4.15,6.3,422998.35,6.1523,138070.32,6.1444,572180.38,15177.0,6.15,53213.0,5.65
2022-11-24,9806.14,6.145029,4.15,6.3,442905.0,6.1451,144031.06,6.1394,596797.2,4264.0,6.15,50071.0,5.65
2022-11-25,10001.4,6.122225,4.3,6.2,422498.35,6.1146,150921.11,6.1028,583485.86,2386.0,6.15,74736.0,5.65
2022-11-27,0.0,,0.0,0.0,0.0,,0.0,,0.0,46.0,6.15,3623.0,5.65
2022-11-28,9470.38,6.092435,4.3,6.2,414847.7,5.9677,153093.82,6.0326,577446.9,237.0,6.15,81851.0,5.65
2022-11-29,9901.49,5.984282,4.3,6.1,404195.3,5.7284,144367.39,5.8159,558519.18,375.0,6.15,109695.0,5.65
2022-11-30,9995.98,5.824488,4.15,5.9,360895.2,5.6576,132419.76,5.6858,503310.94,4222.0,6.15,175896.0,5.65
2022-12-01,10116.77,5.762239,4.3,5.85,368951.7,5.6326,126513.22,5.649,505676.69,0.0,6.15,220379.0,5.65
2022-12-02,227.7,5.491195,5.15,5.65,1822.05,5.277651,0.0,,2154.75,987.0,6.15,246265.0,5.65
2022-12-03,133.7,5.389117,5.15,5.55,7900.65,5.7246,31.0,5.65,8065.35,563.0,6.15,13987.0,5.65
2022-12-04,0.0,,0.0,0.0,0.0,,0.0,,0.0,7.0,6.15,3257.0,5.65
2022-12-05,11208.7,5.761367,4.5,5.8,350133.65,5.6241,130051.55,5.6515,491538.9,518.0,6.15,227361.0,5.65
2022-12-06,8545.95,5.759516,4.15,5.8,356801.35,5.6497,133516.29,5.6553,498968.59,7.0,6.15,158653.0,5.65
2022-12-07,9737.25,6.074857,4.3,6.15,326774.5,5.9686,135726.69,5.9945,472333.44,13.0,6.5,229671.0,6.0
2022-12-08,9217.38000000001,6.090631,4.3,6.15,338445.25,5.9801,124551.08,5.9759,472358.71,29.0,6.5,208605.0,6.0
2022-12-09,10243.49,6.096248,4.3,6.18,357872.6,5.9901,132221.0,5.8368,500357.09,5.0,6.5,219063.0,6.0
2022-12-11,0.0,,0.0,0.0,0.0,,0.0,,0.0,59.0,6.5,7336.0,6.0
2022-12-12,11235.14,6.079824,4.3,6.15,348440.45,5.9819,124532.77,5.9705,484803.36,35.0,6.5,204788.0,6.0
2022-12-13,10708.9,6.084497,4.3,6.2,344865.65,5.9739,122008.04,5.9941,477642.59,2969.0,6.5,208870.0,6.0
2022-12-14,10717.11,6.096505,4.4,6.15,351156.55,5.9837,123192.05,6.0106,485240.71,215.0,6.5,177306.0,6.0
2022-12-15,10625.65,6.196193,4.3,6.4,369411.15,6.172,135020.09,6.2265,515156.89,39.0,6.5,162303.0,6.0
2022-12-16,1282.35,6.318532,5.1,6.5,1218.0,6.105898,952.36,6.084,3452.71,21103.0,6.5,65736.0,6.0
2022-12-17,133.85,5.814886,5.1,6.1,8657.3,6.136,124.46,6.0989,8915.61,930.0,6.5,17563.0,6.0
2022-12-18,0.0,,0.0,0.0,0.0,,0.0,,0.0,5.0,6.5,2432.0,6.0
2022-12-19,13622.14,6.503567,4.3,6.6,425033.85,6.4775,154898.17,6.4515,594627.16,5645.0,6.5,54697.0,6.0
2022-12-20,10096.03,6.494485,4.3,6.6,405263.8,6.3899,138507.69,6.4613,554017.52,7091.0,6.5,69829.0,6.0
2022-12-21,10308.01,6.445642,4.3,6.6,401508.3,6.4276,152231.44,6.4243,564081.75,2449.0,6.5,46987.0,6.0
2022-12-22,10309.51,6.499205,4.3,6.6,412126.25,6.463,145189.82,6.4752,567810.58,937.0,6.5,59487.0,6.0
2022-12-23,10870.06,6.460594,4.3,6.55,397532.35,6.389,159348.83,6.3837,567751.24,2101.0,6.5,61426.0,6.0
2022-12-25,0.0,,0.0,0.0,0.0,,0.0,,0.0,25.0,6.5,3066.0,6.0
2022-12-26,10139.91,6.46336,4.3,6.55,405808.4,6.3392,145577.73,6.3783,561551.04,406.0,6.5,75574.0,6.0
2022-12-27,10857.47,6.310702,4.3,6.4,407476.2,6.2441,150278.95,6.2582,568672.62,279.0,6.5,82556.0,6.0
2022-12-28,11399.77,6.290242,4.3,6.5,393718.45,6.2598,149109.68,6.25,554252.9,8901.0,6.5,98806.0,6.0
2022-12-29,13374.55,6.36,4.3,6.6,407818.35,6.36,147441.92,6.29,568784.82,5440.0,6.5,86536.0,6.0
2022-12-30,1996.65,6.341467,5.15,6.65,9057.15,6.39516,0.0,,11053.8,33224.0,6.5,120779.0,6.0
2022-12-31,294.8,5.974584,5.15,6.2,19473.1,5.9784,255.0,5.95,20022.9,269.0,6.5,50364.0,6.0
2023-01-01,0.0,,0.0,0.0,0.0,,0.0,,0.0,330.0,6.5,4439.0,6.0
2023-01-02,10819.84,6.157655,4.3,6.25,403659.5,6.0147,130779.35,6.0768,545313.69,5765.0,6.5,156759.0,6.0
2023-01-03,10241.74,6.09874,4.3,6.15,391368.55,5.9787,112578.62,6.0021,514223.91,234.0,6.5,210253.0,6.0
2023-01-04,11638.99,6.058887,4.3,6.1,380653.55,5.9673,116319.58,5.9843,508612.12,232.0,6.5,221208.0,6.0
2023-01-05,11503.39,6.064558,4.3,6.1,373121.75,5.9686,117112.18,5.9879,501990.888,281.0,6.5,231057.0,6.0
2023-01-06,245.55,5.67081,5.15,5.95,3415.0,5.917963,0.0,,3660.55,2471.0,6.5,145762.0,6.0
2023-01-07,259.05,5.743003,5.15,6.05,12145.1,6.2282,82.0,5.9683,12486.15,2723.0,6.5,14405.0,6.0
2023-01-08,0.0,,0.0,0.0,0.0,,0.0,,0.0,19.0,6.5,5380.0,6.0
2023-01-09,10481.54,6.059318,4.4,6.12,372027.35,5.9985,125192.76,6.015,507851.65,423.0,6.5,146067.0,6.0
2023-01-10,8992.83,6.061954,4.55,6.12,370285.1,5.9896,119788.91,6.0057,499096.84,780.0,6.5,148168.0,6.0
2023-01-11,9497.17,6.064545,4.55,6.12,362373.2,5.9712,122380.44,5.9956,494290.81,378.0,6.5,161316.0,6.0
2023-01-12,11160.69,6.066013,4.55,6.15,367624.8,5.9694,128044.81,5.9902,506830.3,274.0,6.5,170804.0,6.0
2023-01-13,12293.39,6.207716,4.55,6.3,356706.2,6.1314,145592.28,6.1356,514591.87,1685.0,6.5,114671.0,6.0
2023-01-15,0.0,,0.0,0.0,0.0,,0.0,,0.0,29.0,6.5,3671.0,6.0
2023-01-16,13871.58,6.119668,4.55,6.2,365482.35,6.0486,138747.24,6.0647,518136.17,412.0,6.5,75675.0,6.0
2023-01-17,13727.08,6.289647,4.55,6.4,394368.2,6.1829,129923.01,6.2286,539394.29,365.0,6.5,85866.0,6.0
2023-01-18,13793.53,6.206621,4.55,6.25,373365.35,6.0285,129940.7,6.1138,517099.58,431.0,6.5,105597.0,6.0
2023-01-19,14401.86,6.082713,4.55,6.2,364209.75,6.0106,131966.32,6.048,510652.93,1090.0,6.5,104254.0,6.0
2023-01-20,935.8,6.127332,5.15,6.3,5463.5,6.006473,0.0,,8592.3,2149.0,6.5,34184.0,6.0
2023-01-21,647.85,5.919758,5.15,6.0,11021.3,6.1678,66.0,6.03,11735.15,2038.0,6.5,19728.0,6.0
2023-01-22,0.0,,0.0,0.0,0.0,,0.0,,0.0,78.0,6.5,3217.0,6.0
2023-01-23,16377.92,6.432095,4.55,6.55,385861.0,6.433,129089.53,6.4127,531876.45,6423.0,6.5,51009.0,6.0
2023-01-24,14351.82,6.455219,4.55,6.55,395948.0,6.4779,129387.46,6.4624,542669.28,3417.0,6.5,47007.0,6.0
2023-01-25,12417.73,6.456942,4.55,6.55,404851.35,6.458,140336.46,6.47,559131.54,4311.0,6.5,82397.0,6.0
2023-01-26,0.0,,0.0,0.0,0.0,,0.0,,0.0,2299.0,6.5,9871.0,6.0
2023-01-27,16279.12,6.435941,4.55,6.6,392417.7,6.4264,162348.7,6.4568,573803.52,27370.0,6.5,69337.0,6.0
2023-01-29,0.0,,0.0,0.0,0.0,,0.0,,0.0,33.0,6.5,3082.0,6.0
2023-01-30,16764.18,6.471595,4.55,6.6,403094.4,6.4863,149226.89,6.5017,570394.47,8514.0,6.5,70183.0,6.0
2023-01-31,14468.99,6.44738,4.55,6.55,397029.15,6.4237,149254.14,6.4857,562363.28,2797.0,6.5,69518.0,6.0
2023-02-01,12823.56,6.258397,4.55,6.35,385015.05,6.1387,153939.7,6.2975,553728.31,2083.0,6.5,84118.0,6.0
2023-02-02,15861.62,6.095179,4.6,6.15,366640.75,5.9978,163203.28,6.1081,545740.65,2124.0,6.5,117318.0,6.0
2023-02-03,435.55,5.775422,5.35,6.0,1574.5,5.839258,0.0,,2045.05,684.0,6.5,101061.0,6.0
2023-02-04,310.85,5.701229,5.15,6.0,7994.2,6.0987,72.0,5.9644,8377.05,1902.0,6.5,21996.0,6.0
2023-02-05,0.0,,0.0,0.0,0.0,,0.0,,0.0,23.0,6.5,5777.0,6.0
2023-02-06,14562.25,6.084325,4.75,6.15,383494.8,6.0195,173729.71,6.0741,571931.76,784.0,6.5,103392.0,6.0
2023-02-07,14717.2,6.112215,4.7,6.17,375956.65,6.0407,167240.15,6.141,557969.0,4102.0,6.5,94084.0,6.0
2023-02-08,11642.08,6.393209,4.55,6.8,373191.3,6.3966,173939.76,6.4174,558818.14,8038.0,6.75,57577.0,6.25
2023-02-09,14919.51,6.710796,4.55,6.8,379697.6,6.7113,165776.26,6.6679,560738.37,8706.0,6.75,59043.0,6.25
2023-02-10,10943.0,6.608781,4.55,6.7,381269.95,6.5434,165912.83,6.5608,558656.78,888.0,6.75,129379.0,6.25
2023-02-12,0.0,,0.0,0.0,0.0,,0.0,,0.0,11.0,6.75,3355.0,6.25
2023-02-13,12234.74,6.485404,4.55,6.6,370946.65,6.3383,164260.67,6.4664,547442.06,720.0,6.75,92422.0,6.25
2023-02-14,14820.26,6.384533,4.55,6.45,390371.15,6.2761,153052.48,6.3503,558243.89,1996.0,6.75,90336.0,6.25
2023-02-15,13901.63,6.321569,4.55,6.4,380827.95,6.2518,152101.84,6.3118,546959.988,702.0,6.75,122837.0,6.25
2023-02-16,13999.99,6.318912,4.55,6.35,381811.1,6.2384,150157.56,6.2931,547221.65,713.0,6.75,134132.0,6.25
2023-02-17,14906.16,6.325594,4.55,6.45,360769.75,6.3377,167170.36,6.3238,543953.27,967.0,6.75,126267.0,6.25
2023-02-19,0.0,,0.0,0.0,0.0,,0.0,,0.0,47.0,6.75,2696.0,6.25
2023-02-20,15945.4,6.613391,4.6,6.8,376654.6,6.5423,155787.1,6.5892,548462.1,3650.0,6.75,108858.0,6.25
2023-02-21,12697.64,6.584465,4.85,6.7,370091.6,6.5121,164040.07,6.521,546829.31,983.0,6.75,76053.0,6.25
2023-02-22,14624.06,6.637328,4.85,6.7,378880.05,6.5431,142887.3,6.5997,536391.41,817.0,6.75,98744.0,6.25
2023-02-23,15180.54,6.548209,4.6,6.6,390598.9,6.351,148577.48,6.4649,554431.92,741.0,6.75,117490.0,6.25
2023-02-24,16341.41,6.715335,4.5,6.8,384404.65,6.6792,160279.88,6.6295,562150.94,15233.0,6.75,84681.0,6.25
2023-02-26,0.0,,0.0,0.0,0.0,,0.0,,0.0,9.0,6.75,2841.0,6.25
2023-02-27,16300.98,6.670173,4.6,6.85,376743.1,6.6372,160540.21,6.6476,553584.29,1874.0,6.75,65660.0,6.25
2023-02-28,14843.98,6.652598,4.6,6.75,368152.95,6.5995,152597.43,6.6342,535594.36,3755.0,6.75,113466.0,6.25
2023-03-01,15877.64,6.364399,4.6,6.4,332300.05,6.2697,154974.13,6.3376,503151.82,3419.0,6.75,156869.0,6.25
2023-03-02,13998.53,6.338798,4.6,6.4,330032.55,6.235,144199.08,6.2792,488330.16,590.0,6.75,168206.0,6.25
2023-03-03,587.4,5.910168,5.15,6.25,1874.5,6.021883,0.0,,2761.9,597.0,6.75,147494.0,6.25
2023-03-04,547.5,5.72363,5.2,6.25,6718.1,6.2345,291.0,5.768,7556.6,5.0,6.75,44081.0,6.25
2023-03-05,0.0,,0.0,0.0,0.0,,0.0,,0.0,20.0,6.75,8518.0,6.25
2023-03-06,9166.16,6.315943,5.3,6.4,342813.4,6.26,151283.0,6.2951,503272.56,632.0,6.75,139898.0,6.25
2023-03-07,0.0,,0.0,0.0,0.0,,0.0,,0.0,2933.0,6.75,23389.0,6.25
2023-03-08,11472.1,6.353106,5.3,6.45,342844.25,6.3092,162522.48,6.3315,519098.83,1204.0,6.75,116209.0,6.25
2023-03-09,13528.25,6.354758,4.8,6.47,332695.9,6.3099,162795.21,6.3697,509147.928,620.0,6.75,141408.0,6.25
2023-03-10,13969.88,6.308851,4.8,6.4,314961.9,6.2444,154011.14,6.2979,482942.92,1453.0,6.75,190802.0,6.25
2023-03-12,0.0,,0.0,0.0,0.0,,0.0,,0.0,21.0,6.75,3574.0,6.25
2023-03-13,14566.6,6.341379,4.85,6.55,333714.85,6.2285,159196.55,6.2991,507478.0,434.0,6.75,189447.0,6.25
2023-03-14,14088.59,6.322821,4.85,6.4,320450.9,6.1833,159557.43,6.274,494131.92,477.0,6.75,220883.0,6.25
2023-03-15,15709.98,6.338433,4.85,6.42,317303.8,6.2883,162362.7,6.3799,495476.48,730.0,6.75,136008.0,6.25
2023-03-16,13418.32,6.517018,4.9,6.68,350106.3,6.6114,180541.19,6.6067,544065.81,8664.0,6.75,83383.0,6.25
2023-03-17,338.8,5.934711,5.5,6.2,2764.75,6.179832,0.0,,3103.55,3811.0,6.75,66641.0,6.25
2023-03-18,232.75,5.740687,5.3,6.3,5838.4,6.4143,265.67,6.0748,6336.82,799.0,6.75,24196.0,6.25
2023-03-19,0.0,,0.0,0.0,0.0,,0.0,,0.0,47.0,6.75,6449.0,6.25
2023-03-20,14050.81,6.677429,4.6,7.0,339430.8,6.6658,177523.53,6.7328,531080.14,505.0,6.75,108146.0,6.25
2023-03-21,13764.28,6.649877,4.85,6.9,332881.4,6.6477,163678.82,6.6868,510324.5,5699.0,6.75,79416.0,6.25
2023-03-22,0.0,,0.0,0.0,0.0,,0.0,,0.0,2634.0,6.75,39122.0,6.25
2023-03-23,14724.08,6.611329,4.6,7.0,316228.25,6.5002,170157.6,6.6627,501109.93,519.0,6.75,142307.0,6.25
2023-03-24,16510.89,6.542503,4.6,6.9,291673.45,6.5424,187017.74,6.5619,497357.08,28388.0,6.75,97952.0,6.25
2023-03-26,0.0,,0.0,0.0,0.0,,0.0,,0.0,146.0,6.75,3180.0,6.25
2023-03-27,14962.62,6.628633,4.6,6.8,314323.9,6.6956,182075.13,6.7079,511361.65,900.0,6.75,103238.0,6.25
2023-03-28,13893.0,6.674545,4.6,6.85,342985.0,6.6528,180965.46,6.781,540572.46,623.0,6.75,162609.0,6.25
2023-03-29,11801.43,6.716705,4.6,6.9,337165.3,6.7703,182154.33,6.9234,531246.06,23489.0,6.75,154737.0,6.25
2023-03-30,0.0,,0.0,0.0,0.0,,0.0,,0.0,9147.0,6.75,78265.0,6.25
2023-03-31,5979.84,7.372172,5.5,8.1,317234.05,6.9204,191436.77,7.4107,514650.66,31995.0,6.75,233723.0,6.25
2023-04-02,0.0,,0.0,0.0,0.0,,0.0,,0.0,417.0,6.75,38017.0,6.25
2023-04-03,14137.61,6.311612,4.6,6.4,302197.15,6.2565,201143.3,6.2948,517478.06,593.0,6.75,288182.0,6.25
2023-04-04,0.0,,0.0,0.0,0.0,,0.0,,0.0,1293.0,6.75,38536.0,6.25
2023-04-05,14181.39,6.261676,4.6,6.35,289016.5,6.232,196874.31,6.1479,500072.2,565.0,6.75,348213.0,6.25
2023-04-06,13832.75,6.396031,4.0,6.7,330316.95,6.3917,208679.08,6.4275,552828.78,646.0,6.75,145662.0,6.25
2023-04-09,0.0,,0.0,0.0,0.0,,0.0,,0.0,180.0,6.75,3704.0,6.25
2023-04-10,12859.46,6.317605,4.6,6.4,314922.85,6.2934,199458.48,6.3241,527260.79,1500.0,6.75,117861.0,6.25
2023-04-11,12770.41,6.314494,4.6,6.4,315191.65,6.2842,193115.33,6.365,521097.39,1578.0,6.75,124577.0,6.25
2023-04-12,11480.12,6.312215,4.6,6.4,290867.9,6.2659,194436.56,6.3662,497703.58,770.0,6.75,131447.0,6.25
2023-04-13,842.25,6.155076,5.5,6.4,2314.05,6.232066,0.0,,3156.3,2609.0,6.75,84765.0,6.25
2023-04-15,1230.1,6.145984,5.5,6.35,16073.5,6.2361,42.8,5.7067,17346.4,1206.0,6.75,39014.0,6.25
2023-04-16,0.0,,0.0,0.0,0.0,,0.0,,0.0,7.0,6.75,5390.0,6.25
2023-04-17,12526.07,6.428691,5.0,6.85,309434.5,6.5075,203095.63,6.4903,525056.2,3654.0,6.75,97890.0,6.25
2023-04-18,10404.09,6.566068,5.0,6.8,329236.55,6.5862,193903.14,6.6227,533578.78,980.0,6.75,102964.0,6.25
2023-04-19,12261.01,6.50675,4.95,6.65,319672.65,6.4215,185523.91,6.4943,517477.57,866.0,6.75,88710.0,6.25
2023-04-20,11391.85,6.553194,5.0,6.85,311905.35,6.553,198400.73,6.4985,521697.93,10178.0,6.75,60185.0,6.25
2023-04-21,10354.3,6.641035,5.0,6.8,320898.5,6.7095,190903.54,6.6067,522156.34,16945.0,6.75,81556.0,6.25
2023-04-23,0.0,,0.0,0.0,0.0,,0.0,,0.0,40.0,6.75,4083.0,6.25
2023-04-24,10677.43,6.645474,5.0,6.9,308961.4,6.7216,190050.35,6.6877,509867.748,11517.0,6.75,68679.0,6.25
2023-04-25,9968.34,6.700452,5.1,6.9,310956.6,6.7563,191096.76,6.704,512096.7,18900.0,6.75,89627.0,6.25
2023-04-26,9081.1,6.690786,5.1,6.9,334056.3,6.7545,179086.73,6.6915,522224.13,18940.0,6.75,72441.0,6.25
2023-04-27,10393.17,6.724903,5.1,6.9,294763.45,6.7557,192926.82,6.6982,498083.44,45777.0,6.75,99723.0,6.25
2023-04-28,752.8,6.358297,5.5,6.9,17438.9,6.707544,0.0,,18191.7,53399.0,6.75,106846.0,6.25
2023-04-29,425.0,6.201759,5.55,6.75,15469.7,6.7644,247.56,6.3939,16142.26,5739.0,6.75,23896.0,6.25
2023-05-01,0.0,,0.0,0.0,0.0,,0.0,,0.0,9836.0,6.75,30712.0,6.25
2023-05-02,12605.68,6.585343,5.1,6.8,313244.2,6.6167,197511.0,6.5567,523360.88,9167.0,6.75,76804.0,6.25
2023-05-03,11466.01,6.674326,5.1,6.85,313425.95,6.7231,182816.32,6.6561,507753.28,1542.0,6.75,83283.0,6.25
2023-05-04,2200.5,6.686219,5.5,6.95,4283.9,6.445946,48.0,6.0,6567.4,5412.0,6.75,80511.0,6.25
2023-05-06,923.8,6.63494,5.55,7.0,9226.2,6.8212,185.89,6.3885,10335.89,10726.0,6.75,12186.0,6.25
2023-05-07,0.0,,0.0,0.0,0.0,,0.0,,0.0,1649.0,6.75,6932.0,6.25
2023-05-08,11190.56,6.745425,4.9,6.85,291080.8,6.7569,197315.02,6.7606,501271.38,40973.0,6.75,84385.0,6.25
2023-05-09,9742.94,6.801213,4.9,6.9,290343.85,6.7676,181645.53,6.8233,481732.32,31193.0,6.75,81013.0,6.25
2023-05-10,8617.74,6.784934,4.9,6.95,280490.65,6.7644,188374.85,6.8178,477533.24,21873.0,6.75,84755.0,6.25
2023-05-11,11565.3,6.749086,5.15,6.9,278727.7,6.7596,189519.64,6.8017,479862.64,13344.0,6.75,75012.0,6.25
2023-05-12,14360.88,6.771229,5.15,7.0,278976.2,6.7569,190881.95,6.7866,485103.03,8708.0,6.75,63206.0,6.25
2023-05-14,0.0,,0.0,0.0,0.0,,0.0,,0.0,10.0,6.75,4014.0,6.25
2023-05-15,13796.93,6.773678,5.15,6.9,271262.45,6.7573,196170.65,6.8084,481358.598,17221.0,6.75,71206.0,6.25
2023-05-16,12572.64,6.760325,5.15,6.9,284319.8,6.7272,192822.37,6.8049,489879.81,18172.0,6.75,81446.0,6.25
2023-05-17,10140.79,6.501009,5.15,6.6,298654.5,6.4523,192228.73,6.5851,501049.02,930.0,6.75,90564.0,6.25
2023-05-18,11642.06,6.439294,5.15,6.55,282318.7,6.3178,187431.03,6.473,481391.79,906.0,6.75,96262.0,6.25
2023-05-19,1634.75,6.210873,5.6,6.45,4822.0,6.19671,0.0,,6491.75,3326.0,6.75,115515.0,6.25
2023-05-20,1661.3,6.232578,5.6,6.45,18525.45,6.2742,32.34,6.0,20219.09,112.0,6.75,40496.0,6.25
2023-05-21,0.0,,0.0,0.0,0.0,,0.0,,0.0,49.0,6.75,3627.0,6.25
2023-05-22,11126.44,6.370304,5.15,6.55,291625.95,6.3252,171696.5,6.397,474998.89,2261.0,6.75,112438.0,6.25
2023-05-23,11055.97,6.365286,5.15,6.55,296214.2,6.3081,175183.72,6.3921,482598.89,1139.0,6.75,107527.0,6.25
2023-05-24,10270.65,6.363468,5.15,6.55,302998.1,6.3048,165016.72,6.3871,478430.47,1006.0,6.75,112115.0,6.25
2023-05-25,10994.0,6.36433,5.15,6.45,293501.9,6.2845,172754.94,6.3547,477339.84,1366.0,6.75,143454.0,6.25
2023-05-26,10250.74,6.347648,5.15,6.45,296214.8,6.2649,170144.13,6.3117,476708.67,843.0,6.75,161819.0,6.25
2023-05-28,0.0,,0.0,0.0,0.0,,0.0,,0.0,29.0,6.75,5096.0,6.25
2023-05-29,10037.57,6.337735,5.15,6.4,307956.8,6.2568,168879.77,6.2981,486973.14,1241.0,6.75,166822.0,6.25
2023-05-30,10232.26,6.342028,5.15,6.4,310873.7,6.2571,168117.2,6.2825,489362.16,1431.0,6.75,197508.0,6.25
2023-05-31,9876.06,6.330741,5.15,6.45,279258.55,6.24,182825.53,6.2552,471960.14,1577.0,6.75,238026.0,6.25
2023-06-01,10635.51,6.324693,5.15,6.4,300811.65,6.2126,172855.69,6.2491,484382.85,1719.0,6.75,302423.0,6.25
2023-06-02,660.05,6.098367,5.6,6.35,1394.0,5.907878,55.0,5.9,2184.05,1128.0,6.75,201902.0,6.25
2023-06-03,1438.55,6.282868,5.7,6.4,10573.6,6.6205,130.38,6.0132,12142.53,302.0,6.75,17611.0,6.25
2023-06-04,0.0,,0.0,0.0,0.0,,0.0,,0.0,148.0,6.75,3631.0,6.25
2023-06-05,9594.39,6.319679,5.3,6.45,303906.8,6.2456,179390.05,6.2739,493021.24,1378.0,6.75,123599.0,6.25
2023-06-06,8968.08,6.337361,4.9,6.4,291110.5,6.3016,186709.65,6.3082,486868.23,3821.0,6.75,78314.0,6.25
2023-06-07,10565.15,6.43001,4.9,6.5,277122.35,6.4247,183875.01,6.437,472206.51,1607.0,6.75,79521.0,6.25
2023-06-08,10335.63,6.591451,4.9,7.0,268398.35,6.5998,175605.44,6.6003,454429.42,2451.0,6.75,65240.0,6.25
2023-06-09,9894.87,6.606531,4.9,6.75,299796.1,6.4364,178271.74,6.5445,487996.71,806.0,6.75,127085.0,6.25
2023-06-11,0.0,,0.0,0.0,0.0,,0.0,,0.0,23.0,6.75,2952.0,6.25
2023-06-12,10280.09,6.475365,5.0,6.55,312106.7,6.3587,172330.49,6.3797,494822.28,1501.0,6.75,120546.0,6.25
2023-06-13,9708.91,6.398183,5.0,6.5,313201.85,6.3413,170856.07,6.2316,496561.83,1547.0,6.75,96637.0,6.25
2023-06-14,9799.5,6.539657,5.0,6.7,312039.7,6.4481,172740.46,6.4372,496267.66,2670.0,6.75,84344.0,6.25
2023-06-15,9111.02,6.566641,5.0,6.7,319578.65,6.4824,162056.97,6.4882,490746.64,5598.0,6.75,128184.0,6.25
2023-06-16,534.2,6.080298,5.0,6.3,4805.5,6.298704,52.0,6.0,5456.7,13811.0,6.75,97901.0,6.25
2023-06-17,763.7,6.180357,5.7,6.6,10493.0,6.5679,34.0,5.5,11290.7,335.0,6.75,14943.0,6.25
2023-06-18,0.0,,0.0,0.0,0.0,,0.0,,0.0,61.0,6.75,3587.0,6.25
2023-06-19,9937.91,6.639404,5.0,6.85,357986.95,6.6028,177738.57,6.595,545843.43,1372.0,6.75,93644.0,6.25
2023-06-20,10074.05,6.553145,5.0,6.65,332925.15,6.3717,177023.67,6.4649,520177.87,1165.0,6.75,109623.0,6.25
2023-06-21,8715.38,6.466021,5.0,6.55,322004.25,6.3151,174453.44,6.4397,505353.07,2885.0,6.75,105583.0,6.25
2023-06-22,10272.32,6.400727,5.0,6.5,330700.45,6.2784,164338.3,6.3273,505489.638,1878.0,6.75,113279.0,6.25
2023-06-23,9877.49,6.559119,5.0,6.75,339185.25,6.6379,172989.56,6.4964,522102.3,18159.0,6.75,65896.0,6.25
2023-06-25,0.0,,0.0,0.0,0.0,,0.0,,0.0,32.0,6.75,2696.0,6.25
2023-06-26,10903.7,6.727977,5.0,6.9,349949.55,6.7404,172152.07,6.6472,533085.32,34684.0,6.75,75745.0,6.25
2023-06-27,14931.68,6.823576,5.0,6.95,329198.55,6.7567,152106.34,6.6189,496316.57,48323.0,6.75,79088.0,6.25
2023-06-28,9927.06,6.815995,5.0,7.0,292480.5,6.7577,169000.96,6.6536,471533.52,71050.0,6.75,97971.0,6.25
2023-06-29,0.0,,0.0,0.0,0.0,,0.0,,0.0,14471.0,6.75,21790.0,6.25
2023-06-30,808.9,6.549989,5.7,6.75,7060.8,6.448945,523.82,6.3143,8393.52,31256.0,6.75,160761.0,6.25
2023-07-01,331.95,5.943975,5.75,6.2,22597.45,6.3128,197.63,5.8722,23127.03,3437.0,6.75,33944.0,6.25
2023-07-02,0.0,,0.0,0.0,0.0,,0.0,,0.0,1085.0,6.75,12858.0,6.25
2023-07-03,11258.81,6.390031,5.4,6.5,310400.25,6.2739,159388.39,6.2823,481097.45,964.0,6.75,162473.0,6.25
2023-07-04,11923.46,6.384312,5.0,6.45,305198.4,6.3035,151639.44,6.2636,468786.3,1534.0,6.75,103924.0,6.25
2023-07-05,11290.15,6.407249,5.0,6.5,303132.85,6.3546,142789.47,6.2647,457277.47,3581.0,6.75,86261.0,6.25
2023-07-06,12398.95,6.439626,5.0,6.55,314940.45,6.388,157886.44,6.38,485400.84,2349.0,6.75,123240.0,6.25
2023-07-07,11825.28,6.586949,5.0,6.65,289926.6,6.3749,160138.17,6.404,461890.05,2442.0,6.75,78968.0,6.25
2023-07-09,0.0,,0.0,0.0,0.0,,0.0,,0.0,133.0,6.75,3131.0,6.25
2023-07-10,14136.45,6.559205,5.0,6.85,296736.8,6.4921,160075.2,6.3402,470948.45,5183.0,6.75,59761.0,6.25
2023-07-11,12371.41,6.563847,5.0,6.65,309622.25,6.3949,162199.96,6.3716,484193.62,868.0,6.75,100814.0,6.25
2023-07-12,10528.46,6.449845,5.0,6.5,303726.3,6.2934,159753.36,6.3369,474108.12,935.0,6.75,144623.0,6.25
2023-07-13,10735.86,6.413584,5.0,6.5,304924.7,6.2553,156840.63,6.297,472541.19,959.0,6.75,170449.0,6.25
2023-07-14,375.12,5.991232,5.7,6.24,2804.4,6.104706,2482.84,6.0797,5662.36,1836.0,6.75,135167.0,6.25
2023-07-15,345.55,6.098842,5.75,6.6,11246.95,6.7082,480.62,1.9663,12073.12,2073.0,6.75,15287.0,6.25
2023-07-16,0.0,,0.0,0.0,0.0,,0.0,,0.0,197.0,6.75,2849.0,6.25
2023-07-17,12357.02,6.449798,5.3,6.5,300566.15,6.3271,167240.38,6.3802,480238.55,1256.0,6.75,91080.0,6.25
2023-07-18,13577.49,6.455103,5.3,6.5,308138.65,6.2999,166772.41,6.3682,488617.118,1148.0,6.75,80680.0,6.25
2023-07-19,13694.54,6.417555,5.3,6.5,301241.3,6.3096,156965.12,6.3566,472312.96,1207.0,6.75,66194.0,6.25
2023-07-20,13914.36,6.517364,5.0,6.65,299182.5,6.4531,164107.81,6.4789,477414.67,1131.0,6.75,70189.0,6.25
2023-07-21,12069.54,6.605055,5.3,6.7,293815.6,6.5082,155292.12,6.5661,461557.26,2375.0,6.75,62325.0,6.25
2023-07-23,0.0,,0.0,0.0,0.0,,0.0,,0.0,93.0,6.75,8830.0,6.25
2023-07-24,11832.42,6.595346,5.0,6.65,294763.9,6.5521,167491.12,6.5517,474237.44,5226.0,6.75,68198.0,6.25
2023-07-25,10576.27,6.585302,5.45,6.7,309174.2,6.4731,165044.72,6.5473,485055.19,1413.0,6.75,94250.0,6.25
2023-07-26,11887.46,6.440367,5.0,6.55,311424.5,6.3224,156544.91,6.404,480066.87,3123.0,6.75,92543.0,6.25
2023-07-27,10082.53,6.372061,5.0,6.45,311723.0,6.2735,154126.13,6.3126,476303.66,772.0,6.75,108118.0,6.25
2023-07-28,9239.73,6.482494,5.0,6.85,309929.95,6.5386,168517.89,6.4547,488167.57,25417.0,6.75,85132.0,6.25
2023-07-30,0.0,,0.0,0.0,0.0,,0.0,,0.0,135.0,6.75,2909.0,6.25
2023-07-31,9354.16,6.516749,5.0,6.6,297979.1,6.3745,149002.07,6.4483,456335.33,1668.0,6.75,65779.0,6.25
2023-08-01,9334.66,6.3893,5.0,6.45,283672.3,6.2651,150183.85,6.3473,443215.81,1413.0,6.75,143264.0,6.25
2023-08-02,8568.67,6.338069,5.0,6.45,288740.45,6.251,140933.17,6.3021,438287.29,2232.0,6.75,173043.0,6.25
2023-08-03,9022.79,6.350205,5.0,6.4,292780.55,6.2366,144804.77,6.2775,446848.11,1672.0,6.75,199047.0,6.25
2023-08-04,341.9,5.902398,5.6,6.2,1833.3,6.034466,1561.49,5.9175,4326.69,1522.0,6.75,184499.0,6.25
2023-08-05,716.7,6.296627,5.6,6.5,7068.15,6.5703,300.56,6.0248,8085.41,2391.0,6.75,16891.0,6.25
2023-08-06,0.0,,0.0,0.0,0.0,,0.0,,0.0,274.0,6.75,3605.0,6.25
2023-08-07,9445.27,6.362915,5.3,6.45,276556.0,6.2436,148566.5,6.2834,436029.77,1826.0,6.75,146814.0,6.25
2023-08-08,10044.49,6.364674,5.3,6.4,295439.25,6.2836,150146.31,6.2983,455740.05,2010.0,6.75,113912.0,6.25
2023-08-09,8883.79,6.386903,5.0,6.45,286307.1,6.3016,145969.78,6.3256,441270.67,2113.0,6.75,133008.0,6.25
2023-08-10,9441.0,6.44929,5.0,6.55,289953.5,6.3389,153742.61,6.395,453377.678,2525.0,6.75,186908.0,6.25
2023-08-13,0.0,,0.0,0.0,0.0,,0.0,,0.0,95.0,6.75,3247.0,6.25
2023-08-14,10227.52,6.635358,5.3,6.85,326612.6,6.6727,154129.47,6.5946,490969.59,50624.0,6.75,52274.0,6.25
2023-08-16,0.0,,0.0,0.0,0.0,,0.0,,0.0,932.0,6.75,37361.0,6.25
2023-08-17,10047.41,6.755531,5.0,6.85,396047.35,6.6883,149007.93,6.704,555127.69,14143.0,6.75,95539.0,6.25
2023-08-18,306.9,5.94029,5.6,6.15,4520.0,6.239394,79.24,6.0386,5006.14,32620.0,6.75,52079.0,6.25
2023-08-19,735.0,6.248816,5.25,6.7,8917.2,6.6676,64.98,6.1723,9717.18,3449.0,6.75,15053.0,6.25
2023-08-20,0.0,,0.0,0.0,0.0,,0.0,,0.0,130.0,6.75,3959.0,6.25
2023-08-21,11724.19,6.769472,5.0,6.95,356083.4,6.7548,143915.76,6.7352,511748.35,89813.0,6.75,47252.0,6.25
2023-08-22,9597.99,6.759478,5.0,6.85,359880.25,6.7552,145713.93,6.7721,515217.17,87095.0,6.75,52626.0,6.25
2023-08-23,10381.92,6.770261,5.0,6.96,374299.7,6.7546,135478.92,6.7644,520160.54,90895.0,6.75,48867.0,6.25
2023-08-24,11979.0,6.771268,5.0,6.85,370711.95,6.7545,142578.28,6.7682,525344.23,50113.0,6.75,57030.0,6.25
2023-08-25,9020.4,6.744573,5.0,6.85,365749.05,6.753,159956.24,6.7663,534770.69,73658.0,6.75,77958.0,6.25
2023-08-27,0.0,,0.0,0.0,0.0,,0.0,,0.0,279.0,6.75,2734.0,6.25
2023-08-28,8243.66,6.743597,5.0,6.85,359185.85,6.7537,151485.18,6.764,520595.69,40720.0,6.75,60184.0,6.25
2023-08-29,7220.09,6.754271,5.6,6.85,380961.75,6.7507,148209.92,6.7718,536421.76,19070.0,6.75,53157.0,6.25
2023-08-30,6817.73,6.717589,5.4,6.85,361838.55,6.6884,153847.54,6.7299,524224.82,6525.0,6.75,53460.0,6.25
2023-08-31,8199.3,6.57944,5.0,6.75,369382.6,6.6225,146069.96,6.6354,523651.86,3092.0,6.75,76129.0,6.25
2023-09-01,469.6,5.93553,5.6,6.24,3168.0,6.419698,535.25,6.25,5038.85,1520.0,6.75,79488.0,6.25
2023-09-02,419.2,5.997114,5.7,6.2,13095.35,6.22,2092.83,6.1142,15607.38,172.0,6.75,33107.0,6.25
2023-09-03,0.0,,0.0,0.0,0.0,,0.0,,0.0,29.0,6.75,13653.0,6.25
2023-09-04,11005.7,6.438087,5.0,6.55,353941.5,6.3106,164320.75,6.3957,529307.95,1511.0,6.75,152092.0,6.25
2023-09-05,11644.72,6.377386,5.0,6.5,360212.9,6.2544,144084.92,6.2901,515942.54,2066.0,6.75,148149.0,6.25
2023-09-06,9652.57,6.327467,5.4,6.4,352787.25,6.2609,143259.52,6.2849,505764.34,4906.0,6.75,90268.0,6.25
2023-09-07,6113.26,6.397599,5.5,6.6,355296.95,6.4413,156205.06,6.3935,517655.27,4453.0,6.75,72539.0,6.25
2023-09-08,8626.5,6.712829,5.0,6.85,365089.95,6.7102,149678.68,6.6885,523440.13,8493.0,6.75,83935.0,6.25
2023-09-10,0.0,,0.0,0.0,0.0,,0.0,,0.0,71.0,6.75,4699.0,6.25
2023-09-11,10039.56,6.668245,5.0,6.8,357334.95,6.6756,153083.43,6.6868,520457.94,13953.0,6.75,52143.0,6.25
2023-09-12,8882.07,6.733762,5.0,6.85,391568.75,6.75,137798.87,6.761,538249.69,24815.0,6.75,49683.0,6.25
2023-09-13,9402.46,6.737045,5.0,6.85,389354.55,6.7526,139480.17,6.7765,538262.18,31187.0,6.75,46175.0,6.25
2023-09-14,10178.96,6.732582,5.0,6.85,377532.9,6.7539,138994.04,6.7875,526884.468,43095.0,6.75,42275.0,6.25
2023-09-15,555.2,6.073815,5.6,6.8,5018.55,6.681648,1475.47,6.453,7605.22,95192.0,6.75,45976.0,6.25
2023-09-16,524.1,6.191819,5.7,6.75,12732.2,6.7372,49.0,6.31,13305.3,39696.0,6.75,16610.0,6.25
2023-09-17,0.0,,0.0,0.0,0.0,,0.0,,0.0,1931.0,6.75,3140.0,6.25
2023-09-18,9449.74,6.815643,5.0,6.95,344598.25,6.7581,145539.12,6.8093,499677.11,197165.0,6.75,46724.0,6.25
2023-09-19,0.0,,0.0,0.0,0.0,,0.0,,0.0,11416.0,6.75,12677.0,6.25
2023-09-20,7402.61,6.762059,5.0,6.95,350960.25,6.7563,155907.29,6.8121,514470.15,165565.0,6.75,50275.0,6.25
2023-09-21,8368.3,6.748445,5.0,6.95,355691.55,6.7566,147415.31,6.8054,511625.16,198730.0,6.75,46762.0,6.25
2023-09-22,8600.82,6.770881,5.0,6.95,354266.05,6.7559,152708.44,6.7944,516709.31,168348.0,6.75,60650.0,6.25
2023-09-24,0.0,,0.0,0.0,0.0,,0.0,,0.0,36.0,6.75,3211.0,6.25
2023-09-25,9966.15,6.753214,5.0,6.85,367646.7,6.756,134345.06,6.7904,512047.91,184946.0,6.75,57929.0,6.25
2023-09-26,9413.45,6.733871,5.0,6.85,353740.7,6.7589,136713.83,6.7915,499967.98,180596.0,6.75,58665.0,6.25
2023-09-27,9782.4,6.76595,5.0,6.85,320314.85,6.7672,133325.1,6.7927,463422.35,196667.0,6.75,85868.0,6.25
2023-09-28,841.0,6.59365,5.8,6.85,27261.0,6.784,821.54,6.7801,28923.54,162199.0,6.75,84624.0,6.25
2023-09-29,3310.45,6.43083,5.6,6.8,18243.0,6.792568,3729.04,6.4429,25282.49,150692.0,6.75,59782.0,6.25
2023-09-30,964.4,6.267949,5.75,6.85,32342.3,6.419,39.2,6.3595,33345.9,11544.0,6.75,67923.0,6.25
2023-10-02,0.0,,0.0,0.0,0.0,,0.0,,0.0,298.0,6.75,9737.0,6.25
2023-10-03,12213.06,6.765251,5.0,6.9,368046.7,6.7502,138597.07,6.7548,518896.83,89746.0,6.75,57940.0,6.25
2023-10-04,10685.33,6.735223,5.0,6.85,369086.9,6.7539,127169.22,6.7536,506991.45,86862.0,6.75,48970.0,6.25
2023-10-05,10862.05,6.727934,5.0,6.85,364806.2,6.7545,125775.89,6.7501,501589.14,80502.0,6.75,55695.0,6.25
2023-10-06,524.7,6.165576,5.6,6.85,8481.9,6.697466,463.31,6.5471,9604.91,49317.0,6.75,60659.0,6.25
2023-10-07,745.15,6.14077,5.0,6.75,17080.65,6.7915,197.0,6.2829,18022.8,15922.0,6.75,18552.0,6.25
2023-10-08,0.0,,0.0,0.0,0.0,,0.0,,0.0,94.0,6.75,3775.0,6.25
2023-10-09,9622.2,6.709301,5.0,6.85,391078.9,6.7328,131031.64,6.6679,531877.74,30749.0,6.75,40937.0,6.25
2023-10-10,9900.35,6.696898,5.0,6.85,375831.6,6.737,137469.75,6.5255,523356.7,85849.0,6.75,52546.0,6.25
2023-10-11,10054.18,6.715353,5.0,6.85,373544.85,6.7552,137221.79,6.5543,520975.82,84363.0,6.75,42457.0,6.25
2023-10-12,9149.22,6.708985,5.0,6.85,383608.55,6.7565,135370.8,6.6819,528258.57,71780.0,6.75,51429.0,6.25
2023-10-13,10742.23,6.725038,5.0,6.85,348178.65,6.7565,145360.81,6.7204,504381.69,59589.0,6.75,46632.0,6.25
2023-10-15,0.0,,0.0,0.0,0.0,,0.0,,0.0,661.0,6.75,4231.0,6.25
2023-10-16,11931.21,6.718494,5.0,6.85,368817.25,6.7549,146143.21,6.7145,527061.67,57406.0,6.75,59628.0,6.25
2023-10-17,10896.08,6.717449,5.0,6.85,377200.75,6.7409,146752.58,6.7425,535099.41,49178.0,6.75,59272.0,6.25
2023-10-18,11005.94,6.725529,5.0,6.85,366754.85,6.7376,149782.67,6.7179,527822.028,39800.0,6.75,45426.0,6.25
2023-10-19,8899.0,6.701456,5.0,6.85,357312.15,6.7519,152851.19,6.7378,519207.34,60006.0,6.75,50761.0,6.25
2023-10-20,1311.0,6.417103,5.5,6.85,9992.5,6.698102,3546.8,6.3093,15030.3,124191.0,6.75,51661.0,6.25
2023-10-21,608.8,6.187664,5.5,6.5,7763.55,6.7352,60.15,6.4674,8432.5,27187.0,6.75,16149.0,6.25
2023-10-22,0.0,,0.0,0.0,0.0,,0.0,,0.0,1908.0,6.75,3386.0,6.25
2023-10-23,6530.96,6.726912,5.5,6.85,340544.9,6.7611,157987.31,6.7613,505163.17,138595.0,6.75,50046.0,6.25
2023-10-24,0.0,,0.0,0.0,0.0,,0.0,,0.0,8668.0,6.75,8390.0,6.25
2023-10-25,11106.28,6.754167,5.5,6.85,356928.1,6.7588,149449.95,6.7619,517624.33,161257.0,6.75,62105.0,6.25
2023-10-26,12773.39,6.765521,5.0,6.85,374186.9,6.7575,145869.2,6.7657,533522.49,142504.0,6.75,58066.0,6.25
2023-10-27,10607.39,6.759748,5.0,6.95,339910.4,6.7585,149933.56,6.7613,500614.35,141123.0,6.75,56571.0,6.25
2023-10-29,0.0,,0.0,0.0,0.0,,0.0,,0.0,32648.0,6.75,3581.0,6.25
2023-10-30,12463.75,6.774625,5.25,6.85,341199.3,6.7595,151534.47,6.7702,506623.52,186428.0,6.75,51882.0,6.25
2023-10-31,10837.38,6.778962,5.5,6.85,327363.95,6.7584,138236.07,6.7814,476462.4,154800.0,6.75,58695.0,6.25
2023-11-01,11269.08,6.772936,5.5,6.9,326711.95,6.7574,138113.59,6.7737,476194.62,108691.0,6.75,64084.0,6.25
2023-11-02,11504.01,6.714909,5.0,6.85,328987.1,6.7163,149340.05,6.7196,489926.16,74113.0,6.75,67089.0,6.25
2023-11-03,843.3,6.281383,5.5,6.85,2838.1,6.587,330.92,6.3563,4084.32,44160.0,6.75,52481.0,6.25
2023-11-04,583.2,6.105195,5.5,6.25,5716.0,6.4782,118.44,6.2703,6417.64,1540.0,6.75,19890.0,6.25
2023-11-05,0.0,,0.0,0.0,0.0,,0.0,,0.0,324.0,6.75,6428.0,6.25
2023-11-06,10014.39,6.75824,5.0,6.85,324522.55,6.7332,135809.63,6.7476,470491.57,52444.0,6.75,42557.0,6.25
2023-11-07,10100.4,6.764806,5.0,6.85,304284.0,6.7547,135768.8,6.7706,450503.2,68397.0,6.75,42122.0,6.25
2023-11-08,11784.83,6.788775,5.0,6.95,298165.1,6.764,140074.39,6.7878,450494.32,124669.0,6.75,48772.0,6.25
2023-11-09,11878.63,6.771324,5.0,6.9,298277.55,6.7786,142787.89,6.804,453414.07,110181.0,6.75,58780.0,6.25
2023-11-10,10151.38,6.798643,5.0,6.9,306140.95,6.7828,143244.98,6.8101,461706.31,97929.0,6.75,51586.0,6.25
2023-11-12,0.0,,0.0,0.0,0.0,,0.0,,0.0,2161.0,6.75,5837.0,6.25
2023-11-13,10217.76,6.787329,5.0,6.9,317091.45,6.7768,143156.05,6.7972,473702.26,101975.0,6.75,42455.0,6.25
2023-11-14,0.0,,0.0,0.0,0.0,,0.0,,0.0,4319.0,6.75,11534.0,6.25
2023-11-15,10099.25,6.793891,5.0,6.9,340566.5,6.7697,141369.73,6.8068,493283.48,97042.0,6.75,47916.0,6.25
2023-11-16,10711.19,6.784718,5.0,6.92,321963.7,6.7724,153383.95,6.8084,487331.84,102102.0,6.75,54518.0,6.25
2023-11-17,764.0,6.159119,5.5,6.24,6989.55,6.736991,2118.53,6.5186,10012.08,111386.0,6.75,49482.0,6.25
2023-11-18,610.65,6.140191,5.5,6.25,6196.95,6.7531,93.6,6.6966,6901.2,5592.0,6.75,11717.0,6.25
2023-11-19,0.0,,0.0,0.0,0.0,,0.0,,0.0,399.0,6.75,2407.0,6.25
2023-11-20,12066.85,6.790365,5.0,6.9,323633.2,6.7758,157703.08,6.8135,493646.698,150171.0,6.75,38312.0,6.25
2023-11-21,11596.43,6.796197,5.0,6.9,338108.8,6.7796,153599.42,6.8094,503394.65,223899.0,6.75,43212.0,6.25
2023-11-22,11945.08,6.80665,5.0,6.9,345995.85,6.7862,145300.25,6.811,503266.18,234073.0,6.75,50062.0,6.25
2023-11-23,11157.2,6.79338,5.0,6.93,368441.1,6.7953,146501.76,6.8122,526375.06,205080.0,6.75,40354.0,6.25
2023-11-24,13372.58,6.811008,5.0,6.92,371722.45,6.7899,169649.24,6.8003,555209.27,187699.0,6.75,63832.0,6.25
2023-11-27,0.0,,0.0,0.0,0.0,,0.0,,0.0,6048.0,6.75,11659.0,6.25
2023-11-28,14947.81,6.812163,5.0,6.9,388104.3,6.7864,168314.6,6.7972,571516.68103299,185214.0,6.75,66892.0,6.25
2023-11-29,7912.85,6.793426,5.0,6.9,369615.35,6.7658,147644.35,6.7899,525397.55,175263.0,6.75,63754.0,6.25
2023-11-30,11115.29,6.783539,5.0,6.9,351036.8,6.7567,140345.12,6.7816,502797.21,119686.0,6.75,63756.0,6.25
2023-12-01,961.55,6.203083,5.5,6.7,12206.9,6.747218,2153.03,6.5689,15321.48,71583.0,6.75,72539.0,6.25
2023-12-02,1029.8,6.175049,5.5,6.65,12301.85,6.5865,45.96,6.2544,13377.61,5015.0,6.75,17261.0,6.25
2023-12-03,0.0,,0.0,0.0,0.0,,0.0,,0.0,309.0,6.75,6145.0,6.25
2023-12-04,13049.08,6.738363,5.0,6.85,393872.85,6.7468,152879.6,6.7725,559801.53,55793.0,6.75,54970.0,6.25
2023-12-05,11293.73,6.720046,5.0,6.85,394827.15,6.7425,157302.85,6.7674,563473.73,47416.0,6.75,51774.0,6.25
2023-12-06,11997.56,6.699415,5.0,6.85,379527.4,6.7301,158884.69,6.7532,550409.65,56997.0,6.75,47292.0,6.25
2023-12-07,12055.35,6.69927,5.0,6.85,371228.7,6.7164,153525.41,6.7424,536809.46,67002.0,6.75,43547.0,6.25
2023-12-08,9991.14,6.709352,5.0,6.85,352042.5,6.7463,159321.6,6.7476,521355.24,62592.0,6.75,42594.0,6.25
2023-12-10,0.0,,0.0,0.0,0.0,,0.0,,0.0,17927.0,6.75,5837.0,6.25
2023-12-11,12024.13,6.774192,5.0,6.88,343433.7,6.7556,157845.84,6.7762,513403.67,103010.0,6.75,49142.0,6.25
2023-12-12,11912.66,6.756957,5.0,6.9,365629.3,6.7554,153497.17,6.7779,531239.13,90590.0,6.75,49160.0,6.25
2023-12-13,12006.19,6.7773,5.0,6.9,364884.8,6.7549,142116.47,6.7783,519132.46,89651.0,6.75,43675.0,6.25
2023-12-14,11803.92,6.755133,5.5,6.88,358439.55,6.7531,148610.73,6.7774,518854.2,97618.0,6.75,46132.0,6.25
2023-12-15,749.6,6.264173,5.5,6.55,4113.5,6.425287,28.4,6.25,5241.5,36142.0,6.75,92154.0,6.25
2023-12-16,360.65,6.111909,5.5,6.3,11953.8,6.7931,97.67,6.3537,12412.12,102304.0,6.75,10801.0,6.25
2023-12-17,0.0,,0.0,0.0,0.0,,0.0,,0.0,2680.0,6.75,2743.0,6.25
2023-12-18,14030.92,6.74681,5.0,6.9,353869.95,6.768,151064.0,6.7838,519314.87,151680.0,6.75,65190.0,6.25
2023-12-19,12214.37,6.797616,5.0,6.9,375344.8,6.7744,135958.13,6.8109,523992.3,118258.0,6.75,51491.0,6.25
2023-12-20,11078.23,6.799893,5.0,6.9,354624.65,6.7701,134873.82,6.8136,501616.7,152884.0,6.75,41478.0,6.25
2023-12-21,11155.3,6.805206,5.0,6.9,360565.8,6.7907,140390.41,6.83,512578.51,195948.0,6.75,52771.0,6.25
2023-12-22,10601.7,6.794604,5.5,6.9,353597.85,6.7692,132982.65,6.7904,497439.2,124344.0,6.75,52837.0,6.25
2023-12-25,0.0,,0.0,0.0,0.0,,0.0,,0.0,6556.0,6.75,7412.0,6.25
2023-12-26,11130.66,6.809277,5.5,6.91,371073.95,6.7868,125838.03,6.8114,508619.64,126564.0,6.75,49110.0,6.25
2023-12-27,10459.5,6.80854,5.0,6.9,370600.6,6.7781,130778.92,6.8142,512196.73,60459.0,6.75,38078.0,6.25
2023-12-28,11365.44,6.802941,5.5,6.95,335539.4,6.7738,131002.32,6.8113,478179.16,70377.0,6.75,42574.0,6.25
2023-12-29,1614.85,6.48677,5.75,7.0,13508.85,6.81199,101.0,6.6,15224.7,134232.0,6.75,88673.0,6.25
2023-12-30,911.0,6.433252,5.5,6.8,34816.8,6.6094,119.19,6.4249,35846.99,18693.0,6.75,59640.0,6.25
2023-12-31,0.0,,0.0,0.0,0.0,,0.0,,0.0,7440.0,6.75,44174.0,6.25
2024-01-01,10181.26,6.783476,5.5,6.9,340462.8,6.7551,136726.37,6.7923,487395.43,31351.0,6.75,42844.0,6.25
2024-01-02,10747.27,6.769937,5.0,6.9,357797.45,6.742,140316.75,6.7985,508874.47,14219.0,6.75,39447.0,6.25
2024-01-03,9841.22,6.745669,5.0,6.85,357937.3,6.7112,145889.0,6.7691,513720.52,9773.0,6.75,31586.0,6.25
2024-01-04,11303.56,6.703842,5.0,6.85,372575.35,6.6893,140865.42,6.7292,524827.33,5259.0,6.75,34225.0,6.25
2024-01-05,1078.0,6.3232,5.5,6.7,8965.1,6.54513,76.0,6.5,10212.1,34448.0,6.75,31953.0,6.25
2024-01-06,866.7,6.275147,5.5,6.75,11447.2,6.7597,210.61,6.2055,12524.51,54482.0,6.75,32067.0,6.25
2024-01-07,0.0,,0.0,0.0,0.0,,0.0,,0.0,31492.0,6.75,30874.0,6.25
2024-01-08,12587.73,6.7664,5.0,6.9,353721.45,6.7582,142076.62,6.7894,508645.8,78473.0,6.75,38049.0,6.25
2024-01-10,10485.1,6.750158,5.0,6.85,348971.1,6.7562,134902.85,6.7975,494509.05,102535.0,6.75,32774.0,6.25
2024-01-11,12299.45,6.756811,5.0,6.9,361198.3,6.7561,133673.62,6.7955,507301.37,85062.0,6.75,37469.0,6.25
2024-01-12,11190.51,6.776781,5.0,6.85,369718.7,6.7174,136283.66,6.7514,517222.87,45533.0,6.75,61273.0,6.25
2024-01-13,0.0,,0.0,0.0,0.0,,0.0,,0.0,4187.0,6.75,34793.0,6.25
2024-01-14,0.0,,0.0,0.0,0.0,,0.0,,0.0,3946.0,6.75,36605.0,6.25
2024-01-15,11226.35,6.77989,5.0,6.86,369144.5,6.7474,142229.95,6.7759,522630.8,57770.0,6.75,37067.0,6.25
2024-01-16,12850.53,6.762596,5.0,6.85,375180.3,6.7576,142765.08,6.7923,530981.62,40537.0,6.75,36771.0,6.25
2024-01-17,12730.79,6.762173,5.0,6.85,369261.85,6.7569,143660.1,6.7959,525707.74,57407.0,6.75,32784.0,6.25
2024-01-18,13269.39,6.758661,5.0,6.88,374788.0,6.7554,148740.99,6.7926,536853.38,60109.0,6.75,36325.0,6.25
2024-01-19,952.25,6.12811,5.5,6.5,953.9,6.440256,0.0,,1931.15,33157.0,6.75,32512.0,6.25
2024-01-20,882.4,6.280392,5.5,6.85,7048.05,6.851,384.11,5.6881,8314.56,45209.0,6.75,29868.0,6.25
2024-01-21,0.0,,0.0,0.0,0.0,,0.0,,0.0,29656.0,6.75,29180.0,6.25
2024-01-22,0.0,,0.0,0.0,0.0,,0.0,,0.0,62763.0,6.75,42849.0,6.25
2024-01-23,15798.24,6.790398,5.0,6.9,356336.2,6.7501,150387.35,6.7902,522696.79,49690.0,6.75,31018.0,6.25
2024-01-24,13496.68,6.778722,5.0,6.9,349439.65,6.7533,144966.26,6.8058,508252.59,77618.0,6.75,46540.0,6.25
2024-01-25,10495.38,6.769166,5.0,6.9,340765.35,6.7567,151232.94,6.7938,502883.67,70794.0,6.75,68302.0,6.25
2024-01-26,0.0,,0.0,0.0,0.0,,0.0,,0.0,32611.0,6.75,63670.0,6.25
2024-01-27,0.0,,0.0,0.0,0.0,,0.0,,0.0,7780.0,6.75,50657.0,6.25
2024-01-28,0.0,,0.0,0.0,0.0,,0.0,,0.0,9452.0,6.75,51608.0,6.25
2024-01-29,12766.93,6.777316,5.0,6.85,354626.7,6.7568,153814.55,6.7954,521748.18,26368.0,6.75,48273.0,6.25
2024-01-30,10407.63,6.75262,5.0,6.86,353862.9,6.6991,146412.33,6.787,511187.86,4189.0,6.75,45291.0,6.25
2024-01-31,13194.75,6.788426,5.0,6.86,328800.25,6.7042,146430.96,6.7673,488900.96,8113.0,6.75,44153.0,6.25
2024-02-01,11496.33,6.743122,5.0,6.86,345791.5,6.576,160830.66,6.7211,518648.49,7471.0,6.75,53101.0,6.25
2024-02-02,842.55,6.133422,5.5,6.24,1073.9,6.243475,50.0,6.0,2391.45,1259.0,6.75,123172.0,6.25
2024-02-03,728.3,6.104826,5.65,6.5,6170.7,6.085,301.35,5.4985,7200.35,414.0,6.75,119448.0,6.25
2024-02-04,0.0,,0.0,0.0,0.0,,0.0,,0.0,7.0,6.75,110457.0,6.25
2024-02-05,11047.78,6.469944,5.0,6.55,324932.75,6.2768,179889.86,6.4008,516440.39,2670.0,6.75,125063.0,6.25
2024-02-06,10515.66,6.463035,5.0,6.56,327881.25,6.292,171200.1,6.4527,510047.01,3195.0,6.75,82050.0,6.25
2024-02-07,12162.45,6.484175,5.0,6.75,305689.9,6.3892,166480.29,6.4556,484917.64,15547.0,6.75,49851.0,6.25
2024-02-08,11744.71,6.652633,5.0,6.75,332430.3,6.6346,160232.53,6.6656,504897.54,3593.0,6.75,57219.0,6.25
2024-02-09,10314.12,6.734338,5.0,6.86,304920.3,6.7301,162413.06,6.7724,478137.48,31114.0,6.75,63913.0,6.25
2024-02-10,0.0,,0.0,0.0,0.0,,0.0,,0.0,9762.0,6.75,44306.0,6.25
2024-02-11,0.0,,0.0,0.0,0.0,,0.0,,0.0,10450.0,6.75,43024.0,6.25
2024-02-12,12481.64,6.761753,5.0,6.86,319257.15,6.7276,169429.9,6.784,501632.69,18496.0,6.75,49553.0,6.25
2024-02-13,9100.05,6.742523,5.0,6.86,339081.55,6.7068,154207.21,6.7705,503388.81,7294.0,6.75,48061.0,6.25
2024-02-14,9471.71,6.704379,5.0,6.81,348803.8,6.6726,147262.75,6.7223,506128.26,6414.0,6.75,53142.0,6.25
2024-02-15,11243.6,6.659706,5.0,6.77,362756.2,6.6352,151393.89,6.6803,526033.69,4251.0,6.75,65264.0,6.25
2024-02-16,812.53,6.137777,5.75,6.75,7108.65,6.54056,0.0,,8386.18,3226.0,6.75,89783.0,6.25
2024-02-17,737.13,6.204493,5.7,6.75,12391.1,6.3843,353.11,5.7657,13481.34,2216.0,6.75,83030.0,6.25
2024-02-18,0.0,,0.0,0.0,0.0,,0.0,,0.0,2173.0,6.75,71050.0,6.25
2024-02-19,0.0,,0.0,0.0,0.0,,0.0,,0.0,2562.0,6.75,72929.0,6.25
2024-02-20,11932.4,6.696352,5.0,6.8,357597.3,6.4553,166404.39,6.6358,536559.8,1171.0,6.75,128324.0,6.25
2024-02-21,11754.8,6.615939,5.0,6.75,338956.15,6.3481,162994.77,6.5041,514315.72,3965.0,6.75,73178.0,6.25
2024-02-22,10475.36,6.551807,5.0,6.75,358764.9,6.3414,165798.85,6.4635,535694.11,1941.0,6.75,86014.0,6.25
2024-02-23,12722.44,6.682912,5.0,6.95,373074.5,6.6696,166518.97,6.6687,552935.91,144270.0,6.75,39916.0,6.25
2024-02-24,0.0,,0.0,0.0,0.0,,0.0,,0.0,57649.0,6.75,31924.0,6.25
2024-02-25,0.0,,0.0,0.0,0.0,,0.0,,0.0,59650.0,6.75,32828.0,6.25
2024-02-26,12249.44,6.694791,5.0,6.81,367552.7,6.6958,165081.66,6.7059,545453.8,21243.0,6.75,50965.0,6.25
2024-02-27,10136.16,6.667249,5.0,6.81,377073.3,6.4787,166282.09,6.6638,554086.55,2917.0,6.75,86018.0,6.25
2024-02-28,10572.21,6.427632,5.0,6.65,331263.55,6.3678,161155.14,6.4037,503745.9,6190.0,6.75,66059.0,6.25
2024-02-29,11917.02,6.671635,5.0,6.81,337829.1,6.6781,150758.54,6.6702,501129.66,5877.0,6.75,63351.0,6.25
2024-03-01,912.05,6.152607,5.5,6.25,5669.75,6.449832,994.74,6.6,8306.54,663.0,6.75,81831.0,6.25
2024-03-02,1014.7,6.151648,5.7,6.24,10049.6,6.0936,585.55,5.6977,11649.85,281.0,6.75,92129.0,6.25
2024-03-03,0.0,,0.0,0.0,0.0,,0.0,,0.0,19.0,6.75,65639.0,6.25
2024-03-04,10252.07,6.492028,5.1,6.65,358252.7,6.3428,169638.55,6.486,538703.21714901,419.0,6.75,118731.0,6.25
2024-03-05,10008.45,6.435034,5.5,6.55,326076.1,6.2917,166367.9,6.4103,503017.34779924,823.0,6.75,83975.0,6.25
2024-03-06,9994.53,6.444319,5.1,6.55,310463.95,6.3534,169186.21,6.3867,490334.69,2906.0,6.75,58864.0,6.25
2024-03-07,10473.93,6.544134,5.1,6.8,346150.8,6.6046,192132.99,6.5723,549495.72,17927.0,6.75,83674.0,6.25
2024-03-08,0.0,,0.0,0.0,0.0,,0.0,,0.0,22228.0,6.75,78202.0,6.25
2024-03-09,0.0,,0.0,0.0,0.0,,0.0,,0.0,9681.0,6.75,51908.0,6.25
2024-03-10,0.0,,0.0,0.0,0.0,,0.0,,0.0,10146.0,6.75,54540.0,6.25
2024-03-11,13691.88,6.593114,5.1,6.82,365222.2,6.6663,181102.35,6.6864,560789.43,6041.0,6.75,69890.0,6.25
2024-03-12,12513.28,6.513776,5.1,6.76,384456.7,6.463,165398.37,6.6076,565866.35,749.0,6.75,76554.0,6.25
2024-03-13,12178.71,6.490828,5.0,6.7,327595.0,6.3085,168212.41,6.417,508499.12,3420.0,6.75,87592.0,6.25
2024-03-14,11162.09,6.428174,5.0,6.6,322078.5,6.2921,176142.25,6.368,509976.55,1993.0,6.75,62397.0,6.25
2024-03-15,828.15,6.10528,5.5,6.24,11070.25,6.461882,0.0,,12586.4,3235.0,6.75,78427.0,6.25
2024-03-16,904.6,6.117475,5.5,6.7,25827.9,6.5283,894.18,5.9597,27626.68,4048.0,6.75,63209.0,6.25
2024-03-17,0.0,,0.0,0.0,0.0,,0.0,,0.0,1126.0,6.75,51071.0,6.25
2024-03-18,11528.74,6.547951,5.0,6.75,354216.05,6.5258,169040.74,6.6412,535523.53,4699.0,6.75,77776.0,6.25
2024-03-19,11489.51,6.511263,5.0,6.77,327872.25,6.3377,169440.33,6.4704,509855.09,3542.0,6.75,95016.0,6.25
2024-03-20,12124.25,6.476587,5.0,6.78,309961.15,6.4947,178838.34,6.4732,501781.74,12251.0,6.75,60480.0,6.25
2024-03-21,10681.34,6.633,5.0,6.85,319579.4,6.7268,178039.1,6.7367,509212.84,15829.0,6.75,68279.0,6.25
2024-03-22,11652.75,6.701367,5.0,6.85,319092.65,6.7622,166297.73,6.7982,497806.13,49906.0,6.75,95152.0,6.25
2024-03-23,0.0,,0.0,0.0,0.0,,0.0,,0.0,4508.0,6.75,52944.0,6.25
2024-03-24,0.0,,0.0,0.0,0.0,,0.0,,0.0,4365.0,6.75,55170.0,6.25
2024-03-25,0.0,,0.0,0.0,0.0,,0.0,,0.0,4875.0,6.75,76217.0,6.25
2024-03-26,11561.35,6.654642,5.0,6.85,355819.05,6.6273,160620.37,6.7398,528763.77,18316.0,6.75,114966.0,6.25
2024-03-27,14998.99,6.644513,5.0,6.9,316548.5,6.6579,164189.68,6.6369,496185.17,31743.0,6.75,107677.0,6.25
2024-03-28,1464.65,6.277326,5.75,6.75,0.0,,0.0,,2212.65,142104.0,6.75,185423.0,6.25
2024-03-29,0.0,,0.0,0.0,0.0,,0.0,,0.0,58851.0,6.75,198001.0,6.25
2024-03-30,385.3,6.154769,5.8,6.25,76411.45,6.6856,1376.92,6.721,78173.67,71826.0,6.75,254885.0,6.25
2024-04-02,12881.56,6.435833,5.0,6.6,381453.9,6.4096,192643.09,6.4199,587716.55,11277.0,6.75,136349.0,6.25
2024-04-03,12684.11,6.441262,5.1,6.55,351881.35,6.4204,185037.69,6.4629,550456.15,3675.0,6.75,124366.0,6.25
2024-04-04,10983.68,6.44171,5.1,6.55,334596.75,6.4544,189442.4,6.5072,535900.83,3532.0,6.75,85108.0,6.25
2024-04-05,1675.2,6.264096,5.5,6.5,9518.4,6.329623,199.49,6.4,17009.19,3417.0,6.75,162191.0,6.25
2024-04-06,1360.05,6.117003,5.5,6.24,12116.55,6.3276,145.0,5.3097,13621.6,2075.0,6.75,82451.0,6.25
2024-04-07,0.0,,0.0,0.0,0.0,,0.0,,0.0,912.0,6.75,51345.0,6.25
2024-04-08,13935.12,6.489649,5.1,6.6,369262.05,6.4808,188235.11,6.4601,572205.28,5259.0,6.75,83144.0,6.25
2024-04-09,0.0,,0.0,0.0,0.0,,0.0,,0.0,4389.0,6.75,83146.0,6.25
2024-04-10,12614.57,6.549667,5.0,6.75,382193.85,6.5547,192669.43,6.3716,588287.85,3990.0,6.75,94390.0,6.25
2024-04-11,0.0,,0.0,0.0,0.0,,0.0,,0.0,660.0,6.75,69655.0,6.25
2024-04-12,12447.3,6.564666,5.0,6.75,380738.55,6.5166,184818.89,6.4732,578833.74,2535.0,6.75,94097.0,6.25
2024-04-13,0.0,,0.0,0.0,0.0,,0.0,,0.0,219.0,6.75,68366.0,6.25
2024-04-14,0.0,,0.0,0.0,0.0,,0.0,,0.0,328.0,6.75,71007.0,6.25
2024-04-15,11469.59,6.511606,5.0,6.7,373343.7,6.3973,189641.07,6.4577,575437.07,3198.0,6.75,113069.0,6.25
2024-04-16,10678.23,6.478624,5.0,6.6,376226.75,6.3176,177386.56,6.3729,565150.54,5496.0,6.75,88236.0,6.25
2024-04-17,0.0,,0.0,0.0,0.0,,0.0,,0.0,4806.0,6.75,70186.0,6.25
2024-04-18,9958.1,6.46687,5.1,6.6,376189.85,6.3766,174974.9,6.3208,561919.85,5866.0,6.75,71836.0,6.25
2024-04-19,1243.25,6.173898,5.4,6.24,3706.7,6.265527,0.0,,5749.85,3238.0,6.75,132490.0,6.25
2024-04-20,1051.4,6.162557,5.4,6.24,26486.85,6.3693,89.77,5.5669,27628.02,1707.0,6.75,55192.0,6.25
2024-04-21,0.0,,0.0,0.0,0.0,,0.0,,0.0,1565.0,6.75,43866.0,6.25
2024-04-22,12385.9,6.613339,5.1,6.8,379471.05,6.6392,185595.68,6.4324,578249.63,4904.0,6.75,63075.0,6.25
2024-04-23,11337.69,6.645702,5.1,6.78,379227.1,6.6436,167582.29,6.4775,558929.08,8924.0,6.75,60535.0,6.25
2024-04-24,11039.47,6.669954,5.1,6.8,382681.5,6.6952,165993.76,6.554,560515.73,10546.0,6.75,48385.0,6.25
2024-04-25,8968.87,6.704382,5.1,6.85,359192.4,6.7043,173050.99,6.5941,542013.26,6986.0,6.75,49844.0,6.25
2024-04-26,9577.69,6.681461,5.1,6.87,351712.55,6.7038,162528.44,6.5914,524609.68,2190.0,6.75,60009.0,6.25
2024-04-27,0.0,,0.0,0.0,0.0,,0.0,,0.0,2162.0,6.75,48576.0,6.25
2024-04-28,0.0,,0.0,0.0,0.0,,0.0,,0.0,2743.0,6.75,45726.0,6.25
2024-04-29,12317.21,6.688103,5.1,6.8,328618.5,6.6705,173634.61,6.6231,515777.4871,11771.0,6.75,65523.0,6.25
2024-04-30,14737.6,6.672142,5.4,6.8,305335.45,6.6309,165640.74,6.6149,486587.79,8541.0,6.75,92871.0,6.25
2024-05-01,0.0,,0.0,0.0,0.0,,0.0,,0.0,13931.0,6.75,77288.0,6.25
2024-05-02,10206.74,6.526118,5.1,6.65,305939.15,6.408,163894.53,6.496,481071.42,861.0,6.75,110670.0,6.25
2024-05-03,817.4,6.145284,5.5,6.24,2936.6,6.37558,68.0,6.2,5043.0,6561.0,6.75,102972.0,6.25
2024-05-04,1178.75,6.159627,5.5,6.5,8795.05,6.2105,179.52,5.9638,10153.32,246.0,6.75,67139.0,6.25
2024-05-05,0.0,,0.0,0.0,0.0,,0.0,,0.0,255.0,6.75,46197.0,6.25
2024-05-06,12491.48,6.475472,5.5,6.75,306502.3,6.3921,167058.25,6.3768,487402.03,1871.0,6.75,48059.0,6.25
2024-05-07,8785.33,6.544145,5.8,6.66,303355.0,6.4966,163171.3,6.5308,476428.34,11078.0,6.75,45944.0,6.25
2024-05-08,11628.92,6.612943,5.4,6.8,310812.7,6.6483,155659.36,6.6193,478916.98,7249.0,6.75,53784.0,6.25
2024-05-09,11240.16,6.707539,5.4,6.83,305524.5,6.6865,162112.42,6.6715,479643.08,1471.0,6.75,48045.0,6.25
2024-05-10,10213.83,6.732329,5.5,6.85,299050.05,6.705,164279.93,6.6724,474459.81,11788.0,6.75,62465.0,6.25
2024-05-11,0.0,,0.0,0.0,0.0,,0.0,,0.0,8639.0,6.75,38017.0,6.25
2024-05-12,0.0,,0.0,0.0,0.0,,0.0,,0.0,8853.0,6.75,40190.0,6.25
2024-05-13,9701.29,6.723751,5.5,6.9,314173.55,6.7005,173494.49,6.6921,498320.33,878.0,6.75,59342.0,6.25
2024-05-14,12695.01,6.70174,5.1,6.85,308944.65,6.5235,169997.34,6.656,493028.0,1034.0,6.75,100550.0,6.25
2024-05-15,12016.96,6.47854,5.4,6.55,309533.65,6.2864,168275.11,6.3753,490995.72,83.0,6.75,128802.0,6.25
2024-05-16,12716.71,6.478639,4.75,6.65,303732.0,6.2454,172199.89,6.3134,489608.6,593.0,6.75,153885.0,6.25
2024-05-17,847.75,6.113365,5.75,6.24,8968.55,6.579688,110.75,6.4893,10933.05,29999.0,6.75,58450.0,6.25
2024-05-18,501.9,6.099831,5.5,6.35,10306.95,6.7055,266.97,6.6345,11075.82,29396.0,6.75,36291.0,6.25
2024-05-19,0.0,,0.0,0.0,0.0,,0.0,,0.0,27565.0,6.75,25853.0,6.25
2024-05-20,0.0,,0.0,0.0,0.0,,0.0,,0.0,51757.0,6.75,37271.0,6.25
2024-05-21,13262.43,6.75509,5.1,6.85,351544.9,6.7204,162818.52,6.7231,528731.85,31450.0,6.75,41763.0,6.25
2024-05-22,12123.74,6.746232,5.4,6.85,344387.4,6.6289,168664.86,6.7147,526063.0,2283.0,6.75,102810.0,6.25
2024-05-23,0.0,,0.0,0.0,0.0,,0.0,,0.0,1947.0,6.75,95138.0,6.25
2024-05-24,14776.56,6.724059,5.4,6.85,363166.45,6.6215,168498.16,6.6712,547167.17,1662.0,6.75,74754.0,6.25
2024-05-25,0.0,,0.0,0.0,0.0,,0.0,,0.0,10341.0,6.75,63339.0,6.25
2024-05-26,0.0,,0.0,0.0,0.0,,0.0,,0.0,7072.0,6.75,62723.0,6.25
2024-05-27,13623.47,6.675212,4.75,6.77,372777.25,6.5591,160484.49,6.619,547791.21,6481.0,6.75,68714.0,6.25
2024-05-28,11377.24,6.486707,5.4,6.6,366219.1,6.4187,169537.8,6.4433,548045.14,1747.0,6.75,79677.0,6.25
2024-05-29,11728.59,6.491283,5.4,6.6,357693.55,6.4147,166091.56,6.4275,536424.7,6967.0,6.75,73513.0,6.25
2024-05-30,11296.09,6.473148,5.4,6.55,348641.85,6.3574,161469.76,6.4127,522344.45,2776.0,6.75,117462.0,6.25
2024-05-31,588.6,6.096759,5.75,6.24,4942.95,6.564832,1000.0,6.66,7569.55,14601.0,6.75,84702.0,6.25
2024-06-01,373.0,5.956877,5.0,6.24,11960.2,6.3542,230.79,6.6192,12563.99,9131.0,6.75,56402.0,6.25
2024-06-02,0.0,,0.0,0.0,0.0,,0.0,,0.0,9095.0,6.75,53280.0,6.25
2024-06-03,10519.04,6.459081,5.1,6.55,362057.4,6.3235,180309.1,6.3817,553765.54,1153.0,6.75,96047.0,6.25
2024-06-04,11424.72,6.462616,5.1,6.6,342588.9,6.336,165707.98,6.3452,520476.6,3356.0,6.75,74999.0,6.25
2024-06-05,12547.11,6.51976,5.1,6.6,387115.95,6.439,157487.34,6.3886,558158.4,1600.0,6.75,57007.0,6.25
2024-06-06,10728.3,6.5059,5.4,6.6,384754.55,6.3931,165084.79,6.3996,561495.64,5933.0,6.75,72538.0,6.25
2024-06-07,12678.47,6.516783,5.4,6.6,398377.0,6.4047,172106.57,6.3992,583905.04,1251.0,6.75,56794.0,6.25
2024-06-08,0.0,,0.0,0.0,0.0,,0.0,,0.0,539.0,6.75,37867.0,6.25
2024-06-09,0.0,,0.0,0.0,0.0,,0.0,,0.0,701.0,6.75,39846.0,6.25
2024-06-10,11175.01,6.513466,5.4,6.6,380669.15,6.4431,176745.1,6.4255,569717.26,4072.0,6.75,47080.0,6.25
2024-06-11,10847.61,6.520962,5.4,6.65,384524.85,6.4468,171473.38,6.4334,567983.84,3498.0,6.75,55271.0,6.25
2024-06-12,11680.88,6.515739,5.4,6.6,376105.6,6.4296,161339.48,6.4258,550003.96,1968.0,6.75,60222.0,6.25
2024-06-13,11242.86,6.484604,5.4,6.58,374826.25,6.4242,163301.29,6.4143,550225.4,9683.0,6.75,60876.0,6.25
2024-06-14,857.4,6.128761,5.5,6.5,9199.9,6.517622,133.0,6.3252,11432.3,30211.0,6.75,65086.0,6.25
2024-06-15,740.65,6.309698,5.5,6.72,16839.0,6.7592,363.17,6.5765,17942.82,16422.0,6.75,37337.0,6.25
2024-06-16,0.0,,0.0,0.0,0.0,,0.0,,0.0,5767.0,6.75,31537.0,6.25
2024-06-17,0.0,,0.0,0.0,0.0,,0.0,,0.0,43647.0,6.75,39493.0,6.25
2024-06-18,12009.81,6.733697,5.1,6.85,391968.4,6.6386,172805.71,6.6965,577563.92,1243.0,6.75,42626.0,6.25
2024-06-19,11578.75,6.648255,5.1,6.75,383926.8,6.4988,169075.09,6.5891,565210.64,2865.0,6.75,37153.0,6.25
2024-06-20,12345.52,6.636685,5.1,6.8,371042.3,6.5301,163797.54,6.5891,547815.36,7106.0,6.75,50370.0,6.25
2024-06-21,13107.9,6.703585,5.1,6.82,375406.85,6.675,164913.98,6.6877,554253.73,15199.0,6.75,44438.0,6.25
2024-06-22,0.0,,0.0,0.0,0.0,,0.0,,0.0,12992.0,6.75,32189.0,6.25
2024-06-23,0.0,,0.0,0.0,0.0,,0.0,,0.0,12856.0,6.75,34342.0,6.25
2024-06-24,15333.45,6.709023,5.1,6.85,388662.95,6.5744,167989.27,6.6377,572900.67,1587.0,6.75,50653.0,6.25
2024-06-25,15147.06,6.589423,5.1,6.75,408238.65,6.5007,165438.03,6.5426,589693.74,2329.0,6.75,70732.0,6.25
2024-06-26,13845.66,6.592521,5.1,6.75,412647.5,6.5389,162369.13,6.5431,589788.0,4603.0,6.75,67507.0,6.25
2024-06-27,12363.72,6.717807,5.1,6.85,392211.65,6.7123,167050.84,6.6844,572514.96,70085.0,6.75,91688.0,6.25
2024-06-28,3215.15,6.596471,5.5,6.85,14174.05,6.634777,1000.08,6.3593,19237.28,46848.0,6.75,134120.0,6.25
2024-06-29,396.4,6.035816,5.5,6.25,28744.95,6.4786,769.68,6.0841,29911.03,6399.0,6.75,97575.0,6.25
2024-06-30,0.0,,0.0,0.0,0.0,,0.0,,0.0,3522.0,6.75,69443.0,6.25
2024-07-01,10820.99,6.540526,5.1,6.65,407011.7,6.4501,182932.12,6.467,601609.81,4418.0,6.75,73290.0,6.25
2024-07-02,12233.49,6.489711,5.0,6.6,409653.25,6.3506,161529.54,6.4082,584261.28,4150.0,6.75,66906.0,6.25
2024-07-03,12119.8,6.490067,5.1,6.55,393536.7,6.342,156965.4,6.3612,563426.9,4265.0,6.75,76547.0,6.25
2024-07-04,12084.89,6.498114,5.1,6.55,389141.3,6.351,150674.19,6.3642,552720.38,1937.0,6.75,48665.0,6.25
2024-07-05,858.0,6.142128,4.5,6.3,11169.4,6.343528,65.0,6.3,12928.4,8267.0,6.75,90005.0,6.25
2024-07-06,963.5,6.13049,5.5,6.24,17811.15,6.356,2729.24,6.4303,21503.89,2566.0,6.75,61220.0,6.25
2024-07-07,0.0,,0.0,0.0,0.0,,0.0,,0.0,63.0,6.75,51508.0,6.25
2024-07-08,11306.49,6.54,5.1,6.65,381965.95,6.43,166895.38,6.5,561003.82,6474.0,6.75,75706.0,6.25
2024-07-09,10660.39,6.47,5.1,6.55,361180.7,6.4,161083.99,6.44,533905.08,1765.0,6.75,71134.0,6.25
2024-07-10,9506.65,6.47,5.1,6.6,354475.8,6.4,153023.85,6.45,517951.3,1735.0,6.75,69256.0,6.25
2024-07-11,10082.55,6.47,5.1,6.6,343655.0,6.38,148834.2,6.45,503776.75,2326.0,6.75,67682.0,6.25
2024-07-12,9999.47,6.46,5.1,6.55,362994.55,6.33,156043.2,6.41,530060.22,3064.0,6.75,143541.0,6.25
2024-07-13,0.0,,0.0,0.0,0.0,,0.0,,0.0,204.0,6.75,56909.0,6.25
2024-07-14,0.0,,0.0,0.0,0.0,,0.0,,0.0,320.0,6.75,55552.0,6.25
2024-07-15,10700.02,6.47,5.1,6.55,364121.1,6.34,158551.62,6.4,534290.74,1854.0,6.75,52129.0,6.25
2024-07-16,10066.22,6.48,5.1,6.55,359267.55,6.38,154790.23,6.42,525197.0,6251.0,6.75,60632.0,6.25
2024-07-17,0.0,,0.0,0.0,0.0,,0.0,,0.0,4688.0,6.75,46819.0,6.25
2024-07-18,9934.97,6.473358,5.1,6.6,369588.85,6.3997,153007.73,6.4281,533274.55,7927.0,6.75,43465.0,6.25
2024-07-19,868.24,6.11,5.1,6.25,4894.55,6.34,80.0,6.26,6460.79,1276.0,6.75,72071.0,6.25
2024-07-20,768.1,6.11,5.5,6.24,21018.0,6.3,489.05,6.29,22275.15,504.0,6.75,41100.0,6.25
2024-07-21,0.0,,0.0,0.0,0.0,,0.0,,0.0,83.0,6.75,32270.0,6.25
2024-07-22,11462.43,6.6,5.1,6.75,403412.0,6.59,172781.43,6.57,588291.86,4545.0,6.75,47923.0,6.25
2024-07-23,10660.09,6.67,5.1,6.8,419338.75,6.67,167906.62,6.64,599076.46,4635.0,6.75,51630.0,6.25
2024-07-24,9887.54,6.675021,5.1,6.8,418089.8,6.6218,165513.15,6.6521,594258.49,3401.0,6.75,62865.0,6.25
2024-07-25,9436.54,6.562844,5.1,6.7,407485.9,6.4515,169395.75,6.4883,587006.9,2807.0,6.75,89489.0,6.25
2024-07-26,11220.28,6.481005,5.1,6.55,405514.1,6.3948,168748.84,6.3919,586223.22,2021.0,6.75,138026.0,6.25
2024-07-27,0.0,,0.0,0.0,0.0,,0.0,,0.0,71.0,6.75,78287.0,6.25
2024-07-28,0.0,,0.0,0.0,0.0,,0.0,,0.0,92.0,6.75,77632.0,6.25
2024-07-29,11426.68,6.475715,5.1,6.55,387078.95,6.3573,167031.56,6.4225,566290.19,716.0,6.75,63919.0,6.25
2024-07-30,11239.34,6.470018,5.1,6.55,371397.75,6.365,159279.73,6.415,542589.82,468.0,6.75,50963.0,6.25
2024-07-31,11300.63,6.491035,5.1,6.6,335962.45,6.4074,147617.31,6.4513,495478.39,2891.0,6.75,76182.0,6.25
2024-08-01,10739.61,6.473395,5.1,6.55,322577.05,6.3639,152495.48,6.4339,486540.14,579.0,6.75,81930.0,6.25
2024-08-02,1194.11,6.107905,5.5,6.3,2699.0,6.223746,4.99,6.5,4636.1,781.0,6.75,186921.0,6.25
2024-08-03,1130.05,6.080957,5.5,6.5,9801.55,5.8189,794.89,5.9532,11726.49,263.0,6.75,158577.0,6.25
2024-08-04,0.0,,0.0,0.0,0.0,,0.0,,0.0,63.0,6.75,136919.0,6.25
2024-08-05,9957.04,6.443134,5.1,6.55,322230.65,6.1846,153691.15,6.3425,486616.84,1517.0,6.75,138445.0,6.25
2024-08-06,10378.45,6.409296,5.1,6.5,327444.85,6.2354,149530.61,6.3383,488206.91,4212.0,6.75,89857.0,6.25
2024-08-07,10908.38,6.47561,5.1,6.75,342161.25,6.3574,147380.38,6.3924,501423.01,16750.0,6.75,40842.0,6.25
2024-08-08,10344.59,6.65,5.1,6.8,336076.9,6.65,161997.0,6.68,509563.49,43791.0,6.75,37087.0,6.25
2024-08-09,10387.73,6.531679,5.1,6.65,341982.95,6.3174,161293.47,6.4735,514462.15,2685.0,6.75,102634.0,6.25
2024-08-10,0.0,,0.0,0.0,0.0,,0.0,,0.0,562.0,6.75,57020.0,6.25
2024-08-11,0.0,,0.0,0.0,0.0,,0.0,,0.0,1139.0,6.75,58431.0,6.25
2024-08-12,11163.56,6.474027,5.1,6.55,332418.15,6.2783,148505.24,6.3853,493084.95,1236.0,6.75,69627.0,6.25
2024-08-13,11382.33,6.483583,5.1,6.55,355162.8,6.34,146395.79,6.4266,513673.92,2107.0,6.75,59451.0,6.25
2024-08-14,10128.9,6.482644,5.1,6.6,351539.0,6.3526,154389.56,6.4465,517475.46,1204.0,6.75,47059.0,6.25
2024-08-15,0.0,,0.0,0.0,0.0,,0.0,,0.0,19.0,6.75,39799.0,6.25
2024-08-16,780.5,6.112482,5.7,6.24,7519.7,6.389848,77.0,6.3,9465.2,6960.0,6.75,67431.0,6.25
2024-08-17,725.9,6.17045,5.5,6.4,10650.85,6.2535,1228.61,6.352,12605.36,6548.0,6.75,68029.0,6.25
2024-08-18,0.0,,0.0,0.0,0.0,,0.0,,0.0,5563.0,6.75,62069.0,6.25
2024-08-19,9144.92,6.49,5.7,6.55,387403.5,6.33,152949.3,6.44,550775.72,1690.0,6.75,95740.0,6.25
2024-08-20,10918.63,6.5,5.1,6.6,373758.4,6.33,152996.53,6.48,539204.27,1202.0,6.75,103244.0,6.25
2024-08-21,10337.4,6.53,5.1,6.6,388769.4,6.4,147363.0,6.5,547367.8,14226.0,6.75,69962.0,6.25
2024-08-22,9575.57,6.519241,5.1,6.65,382238.9,6.3815,146922.19,6.4606,539824.66,1019.0,6.75,84413.0,6.25
2024-08-23,7616.48,6.525286,5.5,6.6,388232.7,6.3233,146866.37,6.4137,543753.55,1818.0,6.75,98793.0,6.25
2024-08-24,0.0,,0.0,0.0,0.0,,0.0,,0.0,722.0,6.75,66501.0,6.25
2024-08-25,0.0,,0.0,0.0,0.0,,0.0,,0.0,1794.0,6.75,66500.0,6.25
2024-08-26,7491.54,6.524284,5.75,6.6,400961.6,6.3242,142408.28,6.3729,552039.42,1576.0,6.75,47791.0,6.25
2024-08-27,9327.56,6.51,5.1,6.6,398924.85,6.4,137374.96,6.39,546680.37,2365.0,6.75,69908.0,6.25
2024-08-28,12698.71,6.56,5.1,6.75,396098.9,6.46,139122.44,6.43,548800.05,1477.0,6.75,50427.0,6.25
2024-08-29,11870.75,6.66,5.1,7.0,359165.55,6.63,161382.24,6.6,533456.54,7893.0,6.75,63663.0,6.25
2024-08-30,1757.65,6.39,5.5,6.8,7551.75,6.54,256.46,6.6,10428.86,2128.0,6.75,113478.0,6.25
2024-08-31,958.7,6.13,5.75,6.4,20182.7,6.17,800.71,5.5,21942.11,1140.0,6.75,89068.0,6.25
2024-09-01,0.0,,0.0,0.0,0.0,,0.0,,0.0,675.0,6.75,100765.0,6.25
2024-09-02,11622.07,6.49,5.1,6.6,387774.7,6.26,166204.82,6.34,566629.59,1131.0,6.75,174326.0,6.25
2024-09-03,11457.31,6.47,5.1,6.55,359586.4,6.2,148531.99,6.32,520493.7,1077.0,6.75,136411.0,6.25
2024-09-04,10930.84,6.46,5.1,6.55,343292.85,6.2,143452.9,6.31,498605.3,1352.0,6.75,93975.0,6.25
2024-09-05,11191.17,6.49,5.1,6.65,352277.35,6.3,139430.09,6.38,503775.36,10930.0,6.75,72703.0,6.25
2024-09-06,8337.7,6.48,5.1,6.6,352683.0,6.27,158780.47,6.39,520604.17,2900.0,6.75,184700.0,6.25
2024-09-07,0.0,,0.0,0.0,0.0,,0.0,,0.0,16343.0,6.75,71891.0,6.25
2024-09-08,0.0,,0.0,0.0,0.0,,0.0,,0.0,11153.0,6.75,65348.0,6.25
2024-09-09,11247.15,6.52,5.1,6.6,363638.7,6.29,152064.33,6.39,527830.18,1217.0,6.75,81653.0,6.25
2024-09-10,8197.21,6.5,5.1,6.6,371916.8,6.33,155889.32,6.42,537006.33,1289.0,6.75,104380.0,6.25
2024-09-11,12058.45,6.54,5.1,6.65,388368.4,6.4,154527.78,6.49,556012.63,1282.0,6.75,124451.0,6.25
2024-09-12,11270.59,6.52,5.1,6.6,350744.7,6.27,154422.96,6.41,517518.25,2740.0,6.75,96275.0,6.25
2024-09-13,10654.05,6.62,5.1,6.75,355928.9,6.43,152185.37,6.55,519571.32,6427.0,6.75,136851.0,6.25
2024-09-14,0.0,,0.0,0.0,0.0,,0.0,,0.0,5718.0,6.75,110618.0,6.25
2024-09-15,0.0,,0.0,0.0,0.0,,0.0,,0.0,4665.0,6.75,106705.0,6.25
2024-09-16,128.4,6.03,5.5,6.25,69855.7,6.63,2451.72,6.45,72435.82,26324.0,6.75,43007.0,6.25
2024-09-17,10794.41,6.65,5.1,6.95,357241.0,6.6,153777.01,6.7,522585.42,5024.0,6.75,77881.0,6.25
2024-09-18,0.0,,0.0,0.0,0.0,,0.0,,0.0,10807.0,6.75,83407.0,6.25
2024-09-19,10599.98,6.65,5.1,6.8,392970.4,6.46,156313.41,6.68,560841.79,5304.0,6.75,108713.0,6.25
2024-09-20,1164.2,6.22,5.75,6.55,5257.05,6.48,199.58,6.75,7728.83,21731.0,6.75,85863.0,6.25
2024-09-21,1061.1,6.29,5.75,6.7,19575.9,6.73,1838.09,6.19,22475.09,40727.0,6.75,47414.0,6.25
2024-09-22,0.0,,0.0,0.0,0.0,,0.0,,0.0,29237.0,6.75,43762.0,6.25
2024-09-23,9938.9,6.68,5.1,6.8,403004.7,6.67,169807.5,6.74,584136.1,3320.0,6.75,57919.0,6.25
2024-09-24,11157.67,6.69,5.1,6.8,397183.95,6.66,164382.92,6.74,574172.54,1424.0,6.75,62381.0,6.25
2024-09-25,10906.9,6.68,5.1,6.8,383880.85,6.49,162306.77,6.67,558492.52,5549.0,6.75,83582.0,6.25
2024-09-26,12503.25,6.54,5.1,6.7,398599.9,6.43,166728.48,6.58,579199.63,1370.0,6.75,83095.0,6.25
2024-09-27,10317.52,6.53,5.1,6.65,409571.75,6.44,154783.44,6.55,576030.71,4410.0,6.75,117953.0,6.25
2024-09-28,0.0,,0.0,0.0,0.0,,0.0,,0.0,3439.0,6.75,91467.0,6.25
2024-09-29,0.0,,0.0,0.0,0.0,,0.0,,0.0,3285.0,6.75,93486.0,6.25
2024-09-30,6770.59,6.68,5.1,6.9,348881.75,6.64,158994.55,6.66,516144.89,5761.0,6.75,188048.0,6.25
2024-10-01,9683.93,6.48,5.1,6.55,365772.85,6.28,170912.98,6.46,547802.76,2209.0,6.75,151065.0,6.25
2024-10-02,0.0,,0.0,0.0,0.0,,0.0,,0.0,691.0,6.75,114749.0,6.25
2024-10-03,10590.81,6.45,5.1,6.55,375564.65,6.17,156369.88,6.36,543858.34,636.0,6.75,181857.0,6.25
2024-10-04,1478.85,6.15,5.75,6.5,5109.6,6.06,209.2,6.16,8155.65,3536.0,6.75,250753.0,6.25
2024-10-05,1358.35,6.09,5.5,6.5,17516.1,6.25,280.92,5.57,19155.37,2912.0,6.75,140551.0,6.25
2024-10-06,0.0,,0.0,0.0,0.0,,0.0,,0.0,758.0,6.75,131358.0,6.25
2024-10-07,11161.74,6.43,5.1,6.5,351569.0,6.2,159200.97,6.3,523299.71,2730.0,6.75,89452.0,6.25
2024-10-08,9875.51,6.42,5.1,6.5,366048.45,6.21,147457.77,6.29,524659.73,5308.0,6.75,88739.0,6.25
2024-10-09,9077.67,6.43,5.1,6.6,374188.0,6.26,139458.9,6.28,523711.57,4085.0,6.75,53102.0,6.25
2024-10-10,8605.93,6.43,5.1,6.5,370072.45,6.3,146549.57,6.3,526221.95,2180.0,6.75,56656.0,6.25
2024-10-11,7782.39,6.43,5.1,6.5,367217.5,6.25,152769.44,6.32,528791.33,1303.0,6.75,102686.0,6.25
2024-10-12,0.0,,0.0,0.0,0.0,,0.0,,0.0,435.0,6.75,81735.0,6.25
2024-10-13,0.0,,0.0,0.0,0.0,,0.0,,0.0,360.0,6.75,83165.0,6.25
2024-10-14,10988.08,6.42,5.1,6.5,369234.6,6.24,151494.92,6.29,532740.6,1982.0,6.75,94487.0,6.25
2024-10-15,10248.04,6.42,5.0,6.5,369769.45,6.27,151167.07,6.31,532197.56,1528.0,6.75,76656.0,6.25
2024-10-16,8755.18,6.44,5.1,6.5,390913.55,6.28,140357.75,6.33,540974.48,5872.0,6.75,73858.0,6.25
2024-10-17,8226.89,6.43,5.1,6.5,406519.9,6.28,140522.93,6.31,556222.72,5717.0,6.75,82925.0,6.25
2024-10-18,970.1,6.11,5.5,6.24,4266.15,6.34,6.0,5.9,6170.25,4216.0,6.75,148845.0,6.25
2024-10-19,1105.7,6.23,5.5,6.55,8850.1,6.39,100.39,5.76,10056.19,6591.0,6.75,88873.0,6.25
2024-10-20,0.0,,0.0,0.0,0.0,,0.0,,0.0,2464.0,6.75,57488.0,6.25
2024-10-21,9384.15,6.5,5.1,6.9,373248.65,6.46,156933.71,6.46,540586.51,18597.0,6.75,88775.0,6.25
2024-10-22,9130.51,6.65,5.1,6.85,408209.2,6.66,145104.74,6.61,563557.45,2603.0,6.75,67234.0,6.25
2024-10-23,11484.88,6.75,5.1,6.9,424741.25,6.69,141021.43,6.67,578427.56,4620.0,6.75,54112.0,6.25
2024-10-24,11198.85,6.68,5.1,6.85,425191.85,6.66,149090.85,6.66,586241.55,6800.0,6.75,66081.0,6.25
2024-10-25,8472.75,6.61,5.1,6.75,400343.95,6.58,150100.13,6.57,560026.83,2403.0,6.75,68481.0,6.25
2024-10-26,0.0,,0.0,0.0,0.0,,0.0,,0.0,521.0,6.75,71862.0,6.25
2024-10-27,0.0,,0.0,0.0,0.0,,0.0,,0.0,534.0,6.75,75425.0,6.25
2024-10-28,9351.89,6.62,5.1,6.75,407058.5,6.43,142040.79,6.52,559669.89,1648.0,6.75,103800.0,6.25
2024-10-29,9985.73,6.44,5.1,6.5,389946.8,6.26,137976.88,6.33,538684.91,4514.0,6.75,121659.0,6.25
2024-10-30,7712.9,6.47,5.8,6.6,375673.15,6.31,134564.87,6.32,518653.92,2005.0,6.75,138324.0,6.25
2024-10-31,5197.8,6.54,5.75,6.65,375967.35,6.27,143559.05,6.3,525447.2,2350.0,6.75,142255.0,6.25
2024-11-01,0.0,,0.0,0.0,0.0,,0.0,,0.0,4215.0,6.75,181247.0,6.25
2024-11-02,0.0,,0.0,0.0,0.0,,0.0,,0.0,1869.0,6.75,102266.0,6.25
2024-11-03,0.0,,0.0,0.0,0.0,,0.0,,0.0,1849.0,6.75,98817.0,6.25
2024-11-04,7899.89,6.41,5.1,6.5,396114.85,6.08,145225.79,6.22,550223.53,5231.0,6.75,193522.0,6.25
2024-11-05,9966.71,6.31,5.1,6.4,388609.1,6.1,139673.67,6.17,539697.48,1651.0,6.75,126097.0,6.25
2024-11-06,9289.46,6.34,5.1,6.4,380224.25,6.22,147464.45,6.23,538661.37,1503.0,6.75,90713.0,6.25
2024-11-07,9683.69,6.42,5.1,6.5,377853.7,6.23,141098.95,6.23,530131.34,1685.0,6.75,77243.0,6.25
2024-11-08,11266.68,6.44,5.1,6.55,376823.2,6.37,153624.58,6.32,542956.36,12441.0,6.75,61147.0,6.25
2024-11-09,0.0,,0.0,0.0,0.0,,0.0,,0.0,8540.0,6.75,57979.0,6.25
2024-11-10,0.0,,0.0,0.0,0.0,,0.0,,0.0,4147.0,6.75,53323.0,6.25
2024-11-11,9449.82,6.45,5.1,6.55,417572.25,6.29,145562.64,6.32,573996.61,6627.0,6.75,129417.0,6.25
2024-11-12,9244.78,6.45,5.1,6.55,407466.7,6.22,145760.14,6.32,563648.52,3373.0,6.75,103697.0,6.25
2024-11-13,8404.45,6.39,5.1,6.72,412094.25,6.37,148794.91,6.34,570677.51,8077.0,6.75,65540.0,6.25
2024-11-14,871.55,6.13,5.5,6.24,3528.5,6.24,0.0,,5797.85,1659.0,6.75,185021.0,6.25
2024-11-15,0.0,,0.0,0.0,0.0,,0.0,,0.0,2124.0,6.75,160722.0,6.25
2024-11-16,1141.35,6.16,5.5,6.5,16680.65,6.04,142.29,5.31,17964.29,1073.0,6.75,131150.0,6.25
2024-11-17,0.0,,0.0,0.0,0.0,,0.0,,0.0,125.0,6.75,105669.0,6.25
2024-11-18,7529.65,6.43,5.1,6.55,433555.45,6.28,153315.03,6.25,595768.93,3512.0,6.75,100351.0,6.25
2024-11-19,9415.67,6.49,5.1,6.6,409692.75,6.4,154931.55,6.34,574866.77,3166.0,6.75,57757.0,6.25
2024-11-20,0.0,,0.0,0.0,0.0,,0.0,,0.0,2966.0,6.75,50490.0,6.25
2024-11-21,8987.68,6.62,5.1,6.9,444469.6,6.7,155682.51,6.61,610376.59,11991.0,6.75,47045.0,6.25
2024-11-22,9109.84,6.73,5.1,6.9,455748.9,6.71,150002.42,6.65,616016.96,4806.0,6.75,51952.0,6.25
2024-11-23,0.0,,0.0,0.0,0.0,,0.0,,0.0,1962.0,6.75,45833.0,6.25
2024-11-24,0.0,,0.0,0.0,0.0,,0.0,,0.0,774.0,6.75,42152.0,6.25
2024-11-25,8570.82,6.72,5.5,6.9,449333.2,6.71,143776.27,6.66,603016.99,10604.0,6.75,56762.0,6.25
2024-11-26,7965.11,6.69,5.1,6.85,488228.95,6.7,142353.35,6.67,639904.11,12413.0,6.75,54115.0,6.25
2024-11-27,9293.26,6.71,5.1,6.85,466981.35,6.69,145963.06,6.65,623419.37,10049.0,6.75,57321.0,6.25
2024-11-28,9454.64,6.71,5.1,6.85,469068.55,6.67,144649.74,6.66,624371.63,2891.0,6.75,71224.0,6.25
2024-11-29,1229.35,6.26,5.5,6.8,13258.8,6.65,3.0,6.6,15809.85,18513.0,6.75,76857.0,6.25
2024-11-30,1234.05,6.23,5.5,6.85,27235.3,6.48,455.92,5.97,28925.27,1758.0,6.75,63344.0,6.25
2024-12-01,0.0,,0.0,0.0,0.0,,0.0,,0.0,2145.0,6.75,40879.0,6.25
2024-12-02,10563.4,6.52,5.1,6.65,431701.4,6.36,153530.03,6.41,597093.53,1450.0,6.75,99633.0,6.25
2024-12-03,10701.69,6.44,5.1,6.5,418420.4,6.26,149955.11,6.3,580560.9,1246.0,6.75,108694.0,6.25
2024-12-04,11409.18,6.42,5.1,6.6,432238.6,6.3,152284.9,6.31,597526.38,3287.0,6.75,75455.0,6.25
2024-12-05,12150.79,6.53,5.1,6.75,435140.3,6.54,148181.85,6.54,596951.64,5041.0,6.75,54725.0,6.25
2024-12-06,1281.6,6.24,5.5,6.7,5063.05,6.45,0.0,,7783.35,7066.0,6.75,76733.0,6.25
2024-12-07,1101.4,6.15,5.5,6.7,30406.8,6.57,101.23,6.25,31609.43,5179.0,6.75,57178.0,6.25
2024-12-08,0.0,,0.0,0.0,0.0,,0.0,,0.0,59.0,6.75,44956.0,6.25
2024-12-09,11618.93,6.56,5.5,6.75,404756.0,6.52,155430.17,6.57,573183.8,826.0,6.75,73311.0,6.25
2024-12-10,12645.15,6.67,5.5,6.85,417331.55,6.64,155239.91,6.66,586544.31,8844.0,6.75,53024.0,6.25
2024-12-11,11007.27,6.7,5.5,6.9,424300.6,6.65,151000.35,6.67,587676.92,5314.0,6.75,85961.0,6.25
2024-12-12,11124.59,6.62,5.5,6.8,424855.95,6.47,155561.04,6.55,592800.28,1231.0,6.75,98910.0,6.25
2024-12-13,16259.3,6.68,5.5,6.85,375947.0,6.65,158787.0,6.44,552237.0,31070.0,6.75,140196.0,6.25
2024-12-14,0.0,,0.0,0.0,0.0,,0.0,,0.0,21036.0,6.75,75236.0,6.25
2024-12-15,0.0,,0.0,0.0,0.0,,0.0,,0.0,17896.0,6.75,89924.0,6.25
2024-12-16,13531.76,6.7,5.5,6.9,375075.3,6.69,174529.93,6.63,564432.69,24824.0,6.75,76241.0,6.25
2024-12-17,12895.02,6.7,5.1,6.85,414179.9,6.62,149768.6,6.69,578187.72,295.0,6.75,90072.0,6.25
2024-12-18,12890.15,6.69,5.1,6.85,427799.35,6.51,150350.73,6.59,592544.43,1734.0,6.75,61125.0,6.25
2024-12-19,13055.23,6.71,5.1,6.85,425855.4,6.55,144755.78,6.6,585390.11,3280.0,6.75,52003.0,6.25
2024-12-20,881.85,6.27,5.75,6.9,5477.15,6.59,53.47,6.2,8198.97,4838.0,6.75,64844.0,6.25
2024-12-21,717.15,6.14,5.5,6.8,20948.65,6.62,425.66,6.35,22091.46,13552.0,6.75,50583.0,6.25
2024-12-22,0.0,,0.0,0.0,0.0,,0.0,,0.0,11972.0,6.75,46614.0,6.25
2024-12-23,12375.47,6.74,5.1,6.9,429357.05,6.61,133222.07,6.68,576498.29,258.0,6.75,104798.0,6.25
2024-12-24,10834.37,6.71,5.1,6.9,429914.35,6.54,147826.34,6.63,590528.76,314.0,6.75,105859.0,6.25
2024-12-25,0.0,,0.0,0.0,0.0,,0.0,,0.0,9210.0,6.75,99023.0,6.25
2024-12-26,10906.12,6.67,5.1,6.85,438649.2,6.44,129032.31,6.55,581171.33,913.0,6.75,119377.0,6.25
2024-12-27,11157.01,6.77,5.1,7.0,413917.0,6.75,153730.59,6.7,581198.65,31127.0,6.75,61909.0,6.25
2024-12-28,0.0,,0.0,0.0,0.0,,0.0,,0.0,17087.0,6.75,48120.0,6.25
2024-12-29,0.0,,0.0,0.0,0.0,,0.0,,0.0,16460.0,6.75,50576.0,6.25
2024-12-30,10863.54,6.74,5.1,7.0,387636.45,6.7,147320.9,6.74,547850.59,385.0,6.75,99913.0,6.25
2024-12-31,6445.77,6.88,5.1,7.25,343877.25,6.52,150900.94,6.74,503493.66,298.0,6.75,138004.0,6.25
2025-01-01,9479.05,6.52,5.1,6.7,379928.2,6.31,164546.6,6.47,555797.55,666.0,6.75,115712.0,6.25
2025-01-02,10462.87,6.47,5.1,6.6,378423.9,6.22,156275.17,6.35,547234.14,15.0,6.75,152048.0,6.25
2025-01-03,834.65,6.11,5.75,6.6,6299.9,6.44,44.0,6.4,9253.25,1904.0,6.75,96809.0,6.25
2025-01-04,1014.25,6.12,5.75,6.6,15521.0,6.34,313.09,6.34,16848.34,120.0,6.75,82860.0,6.25
2025-01-05,0.0,,0.0,0.0,0.0,,0.0,,0.0,342.0,6.75,94235.0,6.25
2025-01-06,11631.69,6.65,5.1,6.8,422207.05,6.55,155166.39,6.6,591193.83,15860.0,6.75,54274.0,6.25
2025-01-07,10997.17,6.73,5.1,6.95,397516.15,6.71,158900.29,6.73,569376.31,24676.0,6.75,66630.0,6.25
2025-01-08,10315.83,6.74,5.1,7.05,369861.8,6.74,159915.55,6.8,541901.88,44652.0,6.75,48937.0,6.25
2025-01-09,10734.83,6.83,5.1,7.05,377450.65,6.75,161251.72,6.87,551220.9,20639.0,6.75,56581.0,6.25
2025-01-10,9049.26,6.88,5.1,7.1,373967.4,6.73,168607.4,6.89,553412.76,17195.0,6.75,60563.0,6.25
2025-01-11,0.0,,0.0,0.0,0.0,,0.0,,0.0,5648.0,6.75,50458.0,6.25
2025-01-12,0.0,,0.0,0.0,0.0,,0.0,,0.0,5882.0,6.75,53734.0,6.25
2025-01-13,9243.74,6.81,5.8,7.1,396520.8,6.49,167788.15,6.79,575368.39,539.0,6.75,84042.0,6.25
2025-01-14,7195.5,6.53,5.5,6.75,396078.65,6.3,163156.67,6.51,568236.52,2069.0,6.75,77450.0,6.25
2025-01-15,11280.02,6.45,5.1,6.7,375991.85,6.37,157929.02,6.4,547006.59,794.0,6.75,66409.0,6.25
2025-01-16,12689.22,6.55,5.1,6.8,389524.45,6.41,164054.14,6.49,568031.51,1138.0,6.75,84506.0,6.25
2025-01-17,1298.3,6.26,5.75,6.7,1281.75,6.33,37.0,6.2,4432.75,4096.0,6.75,72907.0,6.25
2025-01-18,1168.15,6.12,5.75,6.7,19210.4,6.25,91.04,5.52,20469.59,14661.0,6.75,71016.0,6.25
2025-01-19,0.0,,0.0,0.0,0.0,,0.0,,0.0,13064.0,6.75,71692.0,6.25
2025-01-20,13346.1,6.63,5.1,6.85,399532.9,6.41,167130.46,6.56,581800.16,4461.0,6.75,78650.0,6.25
2025-01-21,13600.69,6.58,5.1,6.9,397847.2,6.58,151849.83,6.6,565058.42,8207.0,6.75,43894.0,6.25
2025-01-22,11489.71,6.56,5.1,6.7,365275.25,6.59,161059.79,6.66,539682.8,3349.0,6.75,75393.0,6.25
2025-01-23,10718.4,6.57,5.1,6.7,381865.6,6.54,149466.53,6.61,543213.23,2831.0,6.75,67458.0,6.25
2025-01-24,11569.87,6.57,5.1,6.7,381193.75,6.58,153863.34,6.61,548443.86,3149.0,6.75,85117.0,6.25
2025-01-25,0.0,,0.0,0.0,0.0,,0.0,,0.0,3351.0,6.75,53679.0,6.25
2025-01-26,0.0,,0.0,0.0,0.0,,0.0,,0.0,3459.0,6.75,54345.0,6.25
2025-01-27,12208.54,6.57,5.1,6.65,382808.2,6.53,151866.04,6.6,548635.18,682.0,6.75,55881.0,6.25
2025-01-28,14705.14,6.55,5.1,6.65,391434.9,6.53,152590.05,6.58,560557.39,1779.0,6.75,61541.0,6.25
2025-01-29,13598.84,6.58,5.1,6.65,358446.55,6.46,155029.9,6.59,528986.59,522.0,6.75,83366.0,6.25
2025-01-30,14941.07,6.58,5.1,6.65,385768.8,6.55,143070.44,6.59,545691.61,3099.0,6.75,69667.0,6.25
2025-01-31,2607.7,6.53,5.5,6.7,8450.45,6.49,0.0,,12919.45,4401.0,6.75,97719.0,6.25
2025-02-01,1388.9,6.24,5.5,6.65,29352.6,6.06,589.88,4.6,31331.38,167.0,6.75,109459.0,6.25
2025-02-02,0.0,,0.0,0.0,0.0,,0.0,,0.0,202.0,6.75,99712.0,6.25
2025-02-03,11834.94,6.56,5.1,6.65,405311.75,6.38,158696.83,6.54,578019.82,1170.0,6.75,113121.0,6.25
2025-02-04,17135.14,6.5,5.1,6.65,390143.4,6.27,161386.03,6.42,570710.87,378.0,6.75,158816.0,6.25
2025-02-05,11104.02,6.46,5.15,6.6,371578.05,6.25,168446.6,6.34,553069.97,408.0,6.75,147577.0,6.25
2025-02-06,14447.56,6.45,5.15,6.6,361611.6,6.25,184089.88,6.33,562738.64,163.0,6.75,122506.0,6.25
2025-02-07,14567.31,6.26,5.15,6.55,370891.25,6.26,173895.29,6.25,561163.45,12223.0,6.5,78315.0,6.0
2025-02-08,0.0,,0.0,0.0,0.0,,0.0,,0.0,5042.0,6.5,43785.0,6.0
2025-02-09,0.0,,0.0,0.0,0.0,,0.0,,0.0,5686.0,6.5,47110.0,6.0
2025-02-10,12879.97,6.32,5.15,6.45,380693.9,6.25,171142.14,6.35,566515.61,4125.0,6.5,67439.0,6.0
2025-02-11,12933.6,6.33,5.15,6.42,415256.05,6.23,157425.85,6.32,587196.1,3498.0,6.5,71434.0,6.0
2025-02-12,13411.47,6.29,5.15,6.4,403454.35,6.26,158648.59,6.3,577339.01,2561.0,6.5,48110.0,6.0
2025-02-13,17096.91,6.34,5.15,6.5,375991.85,6.31,165791.99,6.35,560389.95,1988.0,6.5,54539.0,6.0
2025-02-14,878.15,5.9,5.25,6.25,3291.45,6.15,61.0,6.0,6109.8,361.0,6.5,66452.0,6.0
2025-02-15,803.45,5.89,5.25,6.5,12985.1,5.67,530.28,4.84,14318.83,90.0,6.5,85540.0,6.0
2025-02-16,0.0,,0.0,0.0,0.0,,0.0,,0.0,91.0,6.5,84644.0,6.0
2025-02-17,13904.85,6.34,5.15,6.65,425598.8,6.16,160868.37,6.32,602266.22,1471.0,6.5,112137.0,6.0
2025-02-18,14414.61,6.35,5.25,6.5,401857.25,6.25,160689.05,6.28,578950.11,1359.0,6.5,89800.0,6.0
2025-02-19,0.0,,0.0,0.0,0.0,,0.0,,0.0,6529.0,6.5,85144.0,6.0
2025-02-20,16460.79,6.35,5.15,6.45,388782.2,6.2,166214.48,6.27,573540.52,760.0,6.5,137648.0,6.0
2025-02-21,12495.25,6.29,5.15,6.6,388401.35,6.18,160631.66,6.26,563402.46,360.0,6.5,110442.0,6.0
2025-02-22,0.0,,0.0,0.0,0.0,,0.0,,0.0,246.0,6.5,64838.0,6.0
2025-02-23,0.0,,0.0,0.0,0.0,,0.0,,0.0,286.0,6.5,64977.0,6.0
2025-02-24,16262.22,6.33,5.15,6.45,415094.95,6.24,163441.16,6.29,596672.53,2400.0,6.5,78791.0,6.0
2025-02-25,14886.68,6.31,5.15,6.65,419180.4,6.23,158098.13,6.28,594039.41,817.0,6.5,102416.0,6.0
2025-02-26,0.0,,0.0,0.0,0.0,,0.0,,0.0,443.0,6.5,101569.0,6.0
2025-02-27,18397.29,6.31,5.15,6.4,397349.95,6.21,151241.64,6.27,568518.08,1334.0,6.5,103098.0,6.0
2025-02-28,1111.65,6.18,5.25,6.4,3591.0,6.34,0.0,,6261.85,8103.0,6.5,88267.0,6.0
2025-03-01,965.5,5.91,5.7,6.45,18439.75,6.05,653.34,4.53,20058.59,5758.0,6.5,112791.0,6.0
2025-03-02,0.0,,0.0,0.0,0.0,,0.0,,0.0,5797.0,6.5,122853.0,6.0
2025-03-03,12742.85,6.32,5.15,6.45,390173.8,6.04,172735.61,6.23,577489.16,8802.0,6.5,148673.0,6.0
2025-03-04,13610.28,6.27,5.15,6.4,382192.65,5.93,168859.58,6.05,566314.76,143.0,6.5,217894.0,6.0
2025-03-05,13251.02,6.23,5.25,6.4,343188.1,5.9,175708.01,6.0,533909.03,189.0,6.5,183358.0,6.0
2025-03-06,14033.49,6.21,5.15,6.35,336760.85,5.87,182163.69,5.98,534789.93,1687.0,6.5,180550.0,6.0
2025-03-07,16812.95,6.25,5.15,6.4,396328.85,6.13,182147.71,6.12,596836.41,308.0,6.5,114837.0,6.0
2025-03-08,0.0,,0.0,0.0,0.0,,0.0,,0.0,488.0,6.5,51611.0,6.0
2025-03-09,0.0,,0.0,0.0,0.0,,0.0,,0.0,930.0,6.5,52707.0,6.0
2025-03-10,17279.79,6.26,5.15,6.4,386478.4,6.18,175149.12,6.29,580904.21,1179.0,6.5,85688.0,6.0
2025-03-11,15201.99,6.3,5.15,6.45,412273.65,6.13,173686.79,6.32,603413.33,39.0,6.5,110470.0,6.0
2025-03-12,14028.48,6.27,5.15,6.4,402218.35,6.13,173907.1,6.3,592585.83,587.0,6.5,79966.0,6.0
2025-03-13,1350.85,6.04,5.25,6.4,3405.6,6.08,2329.72,6.13,9053.07,39.0,6.5,100110.0,6.0
2025-03-14,0.0,,0.0,0.0,0.0,,0.0,,0.0,25529.0,6.5,58418.0,6.0
2025-03-15,1461.8,6.05,5.25,6.4,25438.1,6.26,266.49,5.46,27166.39,15144.0,6.5,59714.0,6.0
2025-03-16,0.0,,0.0,0.0,0.0,,0.0,,0.0,13186.0,6.5,60480.0,6.0
2025-03-17,18275.81,6.34,5.15,6.45,415270.25,6.19,177076.37,6.41,612611.33,490.0,6.5,91999.0,6.0
2025-03-18,19571.59,6.33,5.15,6.5,395087.15,6.34,175111.43,6.45,591889.07,6187.0,6.5,67244.0,6.0
2025-03-19,18500.02,6.37,5.15,6.5,353387.05,6.2,181673.09,6.5,555965.16,50.0,6.5,144937.0,6.0
2025-03-20,17169.61,6.36,5.15,6.5,351382.05,6.16,171771.83,6.46,542442.39,514.0,6.5,126407.0,6.0
2025-03-21,16518.82,6.33,5.15,6.5,390123.95,6.3,162325.58,6.39,571400.25,9778.0,6.5,132199.0,6.0
2025-03-22,0.0,,0.0,0.0,0.0,,0.0,,0.0,10652.0,6.5,77758.0,6.0
2025-03-23,0.0,,0.0,0.0,0.0,,0.0,,0.0,11357.0,6.5,79450.0,6.0
2025-03-24,17773.82,6.31,5.15,6.5,410927.65,6.31,164847.55,6.37,595535.92,279.0,6.5,111728.0,6.0
2025-03-25,18953.5,6.3,5.15,6.45,411280.25,6.21,165836.08,6.35,597724.73,389.0,6.5,177285.0,6.0
2025-03-26,13209.17,6.2,5.15,6.35,414106.8,6.1,158230.02,6.23,587112.89,1364.0,6.5,188543.0,6.0
2025-03-27,16238.23,6.16,5.15,6.35,406476.5,6.14,176079.11,6.14,600525.74,1114.0,6.5,201622.0,6.0
2025-03-28,2813.5,6.03,5.5,6.6,30904.55,6.18,2295.69,6.74,37055.64,7365.0,6.5,272413.0,6.0
2025-03-29,457.45,5.89,5.7,6.3,34317.45,6.06,368.08,4.75,35142.98,10853.0,6.5,302445.0,6.0
2025-03-30,0.0,,0.0,0.0,0.0,,0.0,,0.0,7372.0,6.5,316441.0,6.0
2025-03-31,0.0,,0.0,0.0,0.0,,0.0,,0.0,7794.0,6.5,330632.0,6.0
2025-04-01,0.0,,0.0,0.0,0.0,,0.0,,0.0,2804.0,6.5,357282.0,6.0
2025-04-02,16354.78,6.19,5.15,6.35,425750.5,5.75,178131.62,5.96,621461.8,176.0,6.5,393917.0,6.0
2025-04-03,16939.32,5.99,5.0,6.1,388306.4,5.61,178887.56,5.76,585663.18,1494.0,6.5,413054.0,6.0
2025-04-04,1522.6,5.866239,5.25,6.35,1680.75,5.815943,62.0,5.75,4933.25,1876.0,6.5,225219.0,6.0
2025-04-05,1528.2,5.770925,5.25,6.35,16226.3,5.8924,294.43,6.2261,18048.93,3520.0,6.5,181501.0,6.0
2025-04-06,0.0,,,,0.0,,0.0,,0.0,3834.0,6.5,181582.0,6.0
2025-04-07,17239.13,6.160319,5.1,6.3,431084.95,6.1126,217626.4,6.141,667515.48,542.0,6.5,165387.0,6.0
2025-04-08,14970.37,6.153231,5.15,6.25,418997.9,6.0552,219925.71,6.1653,655461.23,385.0,6.5,163624.0,6.0
2025-04-09,14256.06,5.911094,5.0,6.1,397245.15,5.7589,215209.76,5.8626,628278.22,45.0,6.25,151173.0,5.75
2025-04-10,0.0,,,,0.0,,0.0,,0.0,43.0,6.25,155389.0,5.75
2025-04-11,14691.71,5.787564,5.0,6.0,394644.55,5.7339,215303.06,5.7624,626258.32,39.0,6.25,134711.0,5.75
2025-04-12,0.0,,,,0.0,,0.0,,0.0,19.0,6.25,132231.0,5.75
2025-04-13,0.0,,,,0.0,,0.0,,0.0,20.0,6.25,134780.0,5.75
2025-04-14,0.0,,,,0.0,,0.0,,0.0,8324.0,6.25,139007.0,5.75
2025-04-15,14971.25,5.842971,5.0,5.95,407428.9,5.7351,201961.26,5.7946,626000.41,32.0,6.25,177126.0,5.75
2025-04-16,18005.06,5.854022,4.95,5.95,428281.2,5.7146,194927.67,5.8517,642987.93,102.0,6.25,188292.0,5.75
2025-04-17,1373.3,5.500036,5.25,5.95,3476.0,5.722636,213.97,5.25,6331.27,18.0,6.25,236500.0,5.75
2025-04-18,0.0,,,,0.0,,0.0,,0.0,3.0,6.25,210856.0,5.75
2025-04-19,1556.1,5.498631,5.3,5.95,9033.0,5.6309,358.48,4.5536,10947.58,4431.0,6.25,105352.0,5.75
2025-04-20,0.0,,,,0.0,,0.0,,0.0,4798.0,6.25,105973.0,5.75
2025-04-21,18423.34,5.865833,4.95,6.05,416314.0,5.8261,190944.01,5.9011,627477.202,879.0,6.25,87351.0,5.75
2025-04-22,16344.62,5.868344,5.0,6.15,428406.9,5.8642,178167.38,5.98,625055.9,413.0,6.25,91222.0,5.75
2025-04-23,16433.95,5.908093,5.0,6.05,423148.05,5.8278,176708.68,5.9716,617832.68,304.0,6.25,133629.0,5.75
2025-04-24,12680.45,5.850579,4.95,5.96,411215.45,5.7681,195422.73,5.8934,620925.63,323.0,6.25,146584.0,5.75
2025-04-25,14474.89,5.861823,4.95,5.95,405721.7,5.7572,194293.12,5.8527,616051.71,198.0,6.25,128142.0,5.75
2025-04-26,0.0,,,,0.0,,0.0,,0.0,189.0,6.25,123654.0,5.75
2025-04-27,0.0,,,,0.0,,0.0,,0.0,223.0,6.25,125923.0,5.75
2025-04-28,15719.99,5.869795,4.95,5.95,401754.3,5.7478,189873.96,5.8201,609110.25,3190.0,6.25,132959.0,5.75
2025-04-29,16789.55,5.903898,4.95,6.1,407447.8,5.8474,188703.54,5.8413,614702.89,716.0,6.25,121701.0,5.75
2025-04-30,17990.81,5.942474,5.0,6.05,394904.1,5.9508,189156.35,5.9892,603530.26,7671.0,6.25,178695.0,5.75
2025-05-01,0.0,,,,0.0,,0.0,,0.0,14589.0,6.25,181779.0,5.75
2025-05-02,3119.4,5.700909,5.25,5.95,4029.95,5.807317,41.0,5.6,8819.35,513.0,6.25,192051.0,5.75
2025-05-03,1879.6,5.547444,5.25,5.95,13294.9,5.567,124.76,4.2372,15299.26,26.0,6.25,160719.0,5.75
2025-05-04,0.0,,,,0.0,,0.0,,0.0,29.0,6.25,162216.0,5.75
2025-05-05,20121.34,5.886008,4.95,6.0,393130.0,5.7606,201954.54,5.6569,616544.88,395.0,6.25,162616.0,5.75
2025-05-06,18781.54,5.844357,4.95,5.95,386686.15,5.7547,205367.55,5.7332,612824.24,161.0,6.25,178561.0,5.75
2025-05-07,15647.98,5.831227,4.9,5.95,370157.0,5.7458,211034.33,5.7408,598270.162,493.0,6.25,182611.0,5.75
2025-05-08,15220.7,5.821234,4.9,5.9,379886.45,5.729042,209827.75,5.7077,606342.9,1980.0,6.25,177191.0,5.75
2025-05-09,14822.0,5.835597,4.9,6.0,392344.05,5.7931,197907.63,5.5138,606871.68,552.0,6.25,213300.0,5.75
2025-05-10,0.0,,,,0.0,,0.0,,0.0,2404.0,6.25,206960.0,5.75
2025-05-11,0.0,,,,0.0,,0.0,,0.0,2543.0,6.25,207489.0,5.75
2025-05-12,0.0,,,,0.0,,0.0,,0.0,2281.0,6.25,205550.0,5.75
2025-05-13,16043.27,5.833914,4.9,5.9,372607.1,5.7189,198108.35,5.6108,588426.72,154.0,6.25,194470.0,5.75
2025-05-14,19557.0,5.838318,4.9,5.9,362119.65,5.7113,190641.99,5.6004,574116.64,175.0,6.25,222868.0,5.75
2025-05-15,16780.79,5.828644,4.9,5.9,379720.25,5.680943,202433.14,5.6395,600556.18,358.0,6.25,262952.0,5.75
2025-05-16,1699.15,5.560852,5.25,5.9,3253.75,5.74144663,41.0,5.25,6686.9,340.0,6.25,289909.0,5.75
2025-05-17,1457.3,5.42489,5.2,5.9,13471.4,10.6422,37.83,4.4661,14966.53,513.0,6.25,231345.0,5.75
2025-05-18,,,,,,,,,,396.0,6.25,175950.0,5.75
2025-05-19,15136.12,5.794114,4.85,5.9,383321.9,5.640092,191620.3,5.6761,591996.32,456.0,6.25,234140.0,5.75
2025-05-20,16733.5,5.790443,4.85,5.85,377859.8,5.6559,177682.6,5.6924,574008.9,435.0,6.25,224630.0,5.75
2025-05-21,17914.8,5.80349,4.85,5.9,391287.55,5.7344,177177.32,5.7466,588274.67,591.0,6.25,171096.0,5.75
2025-05-22,19706.01,5.847039,4.85,5.9,418840.25,5.785298,178992.8,5.7758,619034.06,616.0,6.25,138547.0,5.75
2025-05-23,17871.73,5.851257,4.85,5.9,407410.15,5.7748,181048.05,5.8059,607641.93,676.0,6.25,209752.0,5.75
2025-05-24,,,,,,,,,,601.0,6.25,181823.0,5.75
2025-05-25,,,,,,,,,,879.0,6.25,149634.0,5.75
2025-05-26,17675.9,5.80714,4.85,5.85,387513.9,5.7257,184843.52,5.7735,592037.32,2476.0,6.25,210831.0,5.75
2025-05-27,16118.89,5.798552,4.85,5.85,402086.45,5.7025,174981.97,5.7343,594972.31,902.0,6.25,227421.0,5.75
2025-05-28,15980.96,5.79546,4.85,5.85,402610.35,5.7107,173035.98,5.7104,593184.29,606.0,6.25,229136.0,5.75
2025-05-29,15981.9,5.776742877,4.85,5.82,388926.6,5.72154,171005.6,5.6919,577073.3,1062.0,6.25,218709.0,5.75
2025-05-30,1254.14,5.553105,5.25,5.9,13228.5,5.899171183,63.0,5.25,15924.84,1540.0,6.25,229098.0,5.75
2025-05-31,1120.25,5.524329,5.25,5.9,18929.25,11.0886,287.7,5.0241,20337.2,1005.0,6.25,246776.0,5.75
2025-06-01,,,,,,,,,,922.0,6.25,231621.0,5.75
2025-06-02,13896.23,5.786601164,4.85,5.85,400348.25,5.6629,176824.99,5.6679,592508.67,1109.0,6.25,292229.0,5.75
2025-06-03,14292.98,5.767214,4.85,6.65,394520.6,5.5935,179199.44,5.6811,589368.22,447.0,6.25,314265.0,5.75
2025-06-04,13718.05,5.752193,4.85,5.85,369233.55,5.6223,170770.32,5.6828,555169.12,622.0,6.25,299291.0,5.75
2025-06-05,14807.06,5.755666,4.85,5.85,379237.9,5.65526,179788.41,5.705,575133.57,580.0,6.25,316403.0,5.75
2025-06-06,12631.52,5.417355,4.85,5.5,407021.7,5.2868,187798.88,5.4138,609302.1,1977.0,5.75,326946.0,5.25
2025-06-07,,,,,,,,,,58.0,5.75,197270.0,5.25
2025-06-08,,,,,,,,,,25.0,5.75,196222.0,5.25
2025-06-09,14727.29,5.302881,4.75,5.4,374905.75,5.1986,186432.0,5.2537,580215.04,2123.0,5.75,258855.0,5.25
2025-06-10,14668.83,5.29874,4.8,5.35,385161.7,5.19,185235.88,5.2003,586990.41,16.0,5.75,272671.0,5.25
2025-06-11,15257.24,5.305268,4.8,5.35,383941.95,5.1985,194273.33,5.1339,595936.52,1124.0,5.75,267414.0,5.25
2025-06-12,15397.47,5.294606,4.35,5.36,416931.5,5.200746,196954.26,5.0678,631349.23,1095.0,5.75,285659.0,5.25
2025-06-13,18287.85,5.307271385,4.75,5.36,391224.75,5.1562,184185.1,5.1586,595523.7,2248.0,5.75,373129.0,5.25
2025-06-14,,,,,,,,,,8.0,5.75,219212.0,5.25
2025-06-15,,,,,,,,,,48.0,5.75,205124.0,5.25
2025-06-16,15722.23,5.30376783,4.75,5.35,398860.95,5.2249,201209.51,5.1569,617545.69,1289.0,5.75,277831.0,5.25
2025-06-17,13828.18,5.262892,4.5,5.35,409067.3,5.1994,196647.5,5.1428,622236.08,1297.0,5.75,299971.0,5.25
2025-06-18,15058.07,5.265535,4.75,5.35,398470.6,5.1876,183650.7,5.144,599803.47,1389.0,5.75,296073.0,5.25
2025-06-19,14174.25,5.257791,4.7,5.35,396475.35,5.181118,186372.11,5.1626,599265.81,1323.0,5.75,322568.0,5.25
2025-06-20,1610.95,5.118915,4.75,5.3,4634.75,5.169810923,54.0,5.0,9033.7,2659.0,5.75,303886.0,5.25
2025-06-21,1267.25,5.041063,4.5,5.3,17712.05,10.552,175.98,4.0412,19155.28,946.0,5.75,235683.0,5.25
2025-06-22,,,,,,,,,,285.0,5.75,196522.0,5.25
2025-06-23,16996.13,5.269741,4.75,5.35,418203.05,5.2321,181187.07,5.092,618964.9,906.0,5.75,251686.0,5.25
2025-06-24,17196.57,5.269543,4.75,5.35,432260.4,5.2013,177182.93,4.9571,628883.45,1090.0,5.75,267171.0,5.25
2025-06-25,16775.52,5.285869,4.75,5.35,409038.35,5.2476,180038.55,4.9366,607638.822,1309.0,5.75,255293.0,5.25
2025-06-26,18327.98,5.2715,4.75,5.35,400730.45,5.2368,186894.48,4.9685,607651.46,1826.0,5.75,279877.0,5.25
2025-06-27,15051.98,5.381332,4.75,5.6,406137.85,5.4213,221441.08,4.9755,644354.46,1065.0,5.75,223883.0,5.25
2025-06-28,,,,,,,,,,436.0,5.75,155844.0,5.25
2025-06-29,,,,,,,,,,141.0,5.75,153631.0,5.25
2025-06-30,13225.85,5.496514,4.75,5.7,396463.0,5.4177,200456.17,5.3841,612012.57,5705.0,5.75,189751.0,5.25
2025-07-01,16015.92,5.308668,4.75,5.4,461298.45,5.1875,200852.61,5.2126,681010.53,1233.0,5.75,255381.0,5.25
2025-07-02,16924.02,5.265512,4.7,5.35,429235.45,5.137,189448.64,5.2012,637489.66,3410.0,5.75,299291.0,5.25
2025-07-03,17240.47,5.263833,4.75,5.35,415519.4,5.1189,194980.3,5.1984,629660.72,1111.0,5.75,326770.0,5.25
2025-07-04,1279.55,5.002055,4.75,5.3,3957.0,5.000216679,97.0,5.0,7134.1,1282.0,5.75,332158.0,5.25
2025-07-05,1535.9,4.908565,4.7,5.3,15656.6,9.74,146.51,3.9576,17339.01,216.0,5.75,285155.0,5.25
2025-07-06,,,,,,,,,,339.0,5.75,250650.0,5.25
2025-07-07,17060.89,5.257193,4.75,5.35,400746.1,5.1105,192328.36,5.1761,613280.002,1051.0,5.75,250865.0,5.25
2025-07-08,18712.2,5.256276,4.5,5.35,390353.65,5.1277,184543.48,5.1917,595739.88,1072.0,5.75,214021.0,5.25
2025-07-09,17823.2,5.318202298,4.8,5.45,395112.65,5.2914,184573.2,5.3298,599336.05,1081.0,5.75,136036.0,5.25
2025-07-10,19066.4,5.357123,4.75,5.45,386756.85,5.2499,190297.9,5.3202,598675.7,1078.0,5.75,124621.0,5.25
2025-07-11,15690.99,5.449945,4.75,5.55,401112.75,5.3033,197033.19,5.3923,616031.48,1223.0,5.75,187091.0,5.25
2025-07-12,,,,,,,,,,85.0,5.75,127893.0,5.25
2025-07-13,,,,,,,,,,81.0,5.75,132452.0,5.25
2025-07-14,15488.9,5.313803,4.75,5.4,374506.85,5.1889,191715.2,5.2729,584270.5,838.0,5.75,116037.0,5.25
2025-07-15,16248.43,5.376861,4.75,5.5,395077.45,5.2982,192544.59,5.3661,606180.02,869.0,5.75,97432.0,5.25
2025-07-16,19774.73,5.359337,4.75,5.45,384694.9,5.2764,184341.05,5.3394,591245.23,879.0,5.75,109064.0,5.25
2025-07-17,18360.64,5.345577,4.75,5.4,406012.65,5.2839,182713.18,5.3366,609521.02,808.0,5.75,106279.0,5.25
2025-07-18,1238.4,5.110314,4.75,5.4,3345.5,5.223998221,140.12,4.7605,7138.57,951.0,5.75,116590.0,5.25
2025-07-19,897.8,5.002879,4.75,5.4,11775.7,10.1436,105.77,4.6034,12779.27,819.0,5.75,111162.0,5.25
2025-07-20,,,,,,,,,,1179.0,5.75,103669.0,5.25
2025-07-21,18053.92,5.479538798,4.75,5.7,414235.8,5.5064,184961.35,5.5067,619575.62,10750.0,5.75,56852.0,5.25
2025-07-22,17157.62,5.623781048,4.75,5.8,417073.8,5.6888,176684.55,5.6885,613605.52,13273.0,5.75,63745.0,5.25
2025-07-23,17346.55,5.728392187,4.75,5.85,404014.05,5.7157,179687.94,5.7474,603403.84,820.0,5.75,78428.0,5.25
2025-07-24,15971.76,5.543257,4.75,5.65,410930.35,5.4385,179185.5,5.5343,608438.16,362.0,5.75,117991.0,5.25
2025-07-25,17742.32,5.392915,4.75,5.45,388181.05,5.3201,192068.35,5.3902,600423.27,1906.0,5.75,174961.0,5.25
2025-07-26,,,,,,,,,,484.0,5.75,119530.0,5.25
2025-07-27,,,,,,,,,,484.0,5.75,121441.0,5.25
2025-07-28,16044.93,5.34568,4.75,5.4,388160.45,5.2595,191849.94,5.3191,598650.87,938.0,5.75,109847.0,5.25
2025-07-29,17090.36,5.384966,4.75,5.45,399756.25,5.2962,183875.18,5.3764,603317.34,1584.0,5.75,108957.0,5.25
2025-07-30,20087.24,5.369425,4.75,5.42,397447.2,5.3263,175488.07,5.3507,595643.06,1408.0,5.75,94716.0,5.25
2025-07-31,18011.87,5.485561,4.75,5.55,398426.75,5.4296,183826.13,5.445,602930.3,1649.0,5.75,114195.0,5.25
2025-08-01,950.45,5.041499,4.75,5.35,6437.05,5.243112155,,,10166.05,1100.0,5.75,204806.0,5.25
2025-08-02,1089.75,4.953758,4.75,5.24,9262.55,10.2076,1165.05,4.6038,11517.35,284.0,5.75,232922.0,5.25
2025-08-03,,,,,,,,,,46.0,5.75,204672.0,5.25
2025-08-04,15411.51,5.368104,4.75,5.45,402397.55,5.2221,191802.07,5.2879,612401.68,1232.0,5.75,239701.0,5.25
2025-08-05,15815.0,5.355289,4.75,5.45,394438.9,5.196,188662.53,5.258,601791.98,1087.0,5.75,236724.0,5.25
2025-08-06,16511.94,5.326402,4.75,5.5,389060.35,5.199,192246.61,5.1974,600499.9,1697.0,5.75,163097.0,5.25
2025-08-07,20333.19,5.443575995,4.75,6.0,375738.9,5.3944,197916.24,5.2626,597533.33,11066.0,5.75,86154.0,5.25
2025-08-08,14810.72,5.555,4.75,5.7,392741.05,5.4697,214455.05,5.3211,625585.87,4352.0,5.75,168392.0,5.25
2025-08-09,,,,,,,,,,396.0,5.75,84124.0,5.25
2025-08-10,,,,,,,,,,359.0,5.75,86805.0,5.25
2025-08-11,16907.59,5.364897,4.75,5.45,387158.25,5.3461,202920.78,5.1869,609876.12,1071.0,5.75,97719.0,5.25
2025-08-12,17909.75,5.451494,4.85,5.55,405364.55,5.4055,197505.11,5.3288,623184.96,1271.0,5.75,83758.0,5.25
2025-08-13,13293.67,5.457533,4.75,5.55,413411.25,5.3603,194366.96,5.3302,624770.93,1814.0,5.75,111927.0,5.25
2025-08-14,673.25,5.215035276,4.95,5.55,1759.25,5.321838567,,,5273.05,1127.0,5.75,132763.0,5.25
2025-08-15,,,,,,,,,,134.0,5.75,119519.0,5.25
2025-08-16,477.65,5.01129,4.75,5.45,15700.7,10.095,330.37,3.7436,16508.72,214.0,5.75,133135.0,5.25
2025-08-17,,,,,,,,,,239.0,5.75,120519.0,5.25
2025-08-18,16504.7,5.399794,4.7,5.55,420800.5,5.3196,200259.39,5.3194,640261.14,1273.0,5.75,111903.0,5.25
2025-08-19,16735.5,5.431232,4.7,5.52,417278.35,5.3402,194784.35,5.0451,631769.75,1992.0,5.75,105186.0,5.25
2025-08-20,16699.9,5.46783,4.75,5.55,400321.15,5.4031,198968.05,4.9628,619310.65,4249.0,5.75,74157.0,5.25
2025-08-21,19022.22,5.517929232,4.75,5.75,415978.15,5.5493,196101.8,5.1322,634112.67,7687.0,5.75,83484.0,5.25
2025-08-22,17970.39,5.514579705,4.0,5.63,444453.45,5.5073,204044.63,5.3164,669298.97,1818.0,5.75,155889.0,5.25
2025-08-23,,,,,,,,,,322.0,5.75,90563.0,5.25
2025-08-24,,,,,,,,,,533.0,5.75,92624.0,5.25
2025-08-25,18313.38,5.448795,4.0,5.5,436906.95,5.3853,211600.35,5.3943,670429.032,1837.0,5.75,116270.0,5.25
2025-08-26,17767.78,5.436515,4.75,5.5,456046.05,5.3626,193823.01,5.371,670900.89,1590.0,5.75,127715.0,5.25
2025-08-27,,,,,,,,,,1292.0,5.75,115946.0,5.25
2025-08-28,17689.02,5.460208,4.75,5.6,447565.8,5.3641,185240.93,5.3781,653452.3,3579.0,5.75,126448.0,5.25
2025-08-29,1328.45,5.068422,4.75,5.35,9477.7,5.324688381,829.1,4.795,14546.8,1950.0,5.75,117618.0,5.25
2025-08-30,956.0,4.971695,4.75,5.24,25611.1,10.335,372.6,3.9909,26939.7,953.0,5.75,138905.0,5.25
2025-08-31,,,,,,,,,,780.0,5.75,129849.0,5.25
2025-09-01,19090.43,5.419695,4.75,5.55,411539.75,5.2839,187119.53,5.3218,619876.26,4571.0,5.75,118298.0,5.25
2025-09-02,19453.43,5.389373,4.75,5.5,419838.5,5.2669,196842.7,5.2821,638608.18,1510.0,5.75,127443.0,5.25
2025-09-03,20605.04,5.353369,4.75,5.4,401255.05,5.2607,190274.37,5.2816,614313.01,1952.0,5.75,118742.0,5.25
2025-09-04,,,,,,,,,,4644.0,5.75,149334.0,5.25
2025-09-05,92.4,4.998918,4.9,5.0,1601.55,5.1509,,,1843.95,3936.0,5.75,149276.0,5.25
2025-09-06,1214.9,4.994526,4.75,5.0,8892.45,5.2073,282.01,3.9788,10389.36,868.0,5.75,109040.0,5.25
2025-09-07,,,,,,,,,,824.0,5.75,104586.0,5.25
2025-09-08,,,,,,,,,,12069.0,5.75,104910.0,5.25
2025-09-09,19721.84,5.353849,4.75,5.45,430170.75,5.2791,195504.52,5.3301,647888.66,1052.0,5.75,123828.0,5.25
2025-09-10,17269.96,5.340539879,4.75,5.4,424339.35,5.2929,194849.31,5.3103,640321.17,967.0,5.75,99886.0,5.25
2025-09-11,21901.38,5.354426328,4.75,5.4,427106.9,5.2953,191331.86,5.3426,642613.69,1159.0,5.75,124040.0,5.25
2025-09-12,19411.0,5.426090721,4.75,5.5,400317.15,5.3515,194710.95,5.3888,616872.15,1184.0,5.75,123250.0,5.25
2025-09-13,,,,,,,,,,969.0,5.75,112438.0,5.25
2025-09-14,,,,,,,,,,1176.0,5.75,115495.0,5.25
2025-09-15,20167.6,5.435252523,4.75,5.55,392079.4,5.3151,202330.45,5.3775,618104.95,1282.0,5.75,199673.0,5.25
2025-09-16,20599.74,5.431352,4.75,5.5,450372.45,5.3701,195710.63,5.4136,670225.222,18172.0,5.75,98460.0,5.25
2025-09-17,22370.32,5.468099,4.75,5.65,437538.75,5.4439,199471.15,5.4524,662665.77,1507.0,5.75,74961.0,5.25
2025-09-18,21491.4,5.551446,4.75,5.65,434546.35,5.4772,200481.39,5.5394,660114.69,2849.0,5.75,111533.0,5.25
2025-09-19,884.15,5.059922,4.75,5.24,2885.05,5.264158487,2037.24,5.4967,9381.99,310.0,5.75,124189.0,5.25
2025-09-20,2206.55,5.36822,4.75,5.5,17110.2,10.6558,131.02,4.715,19447.77,438.0,5.75,77708.0,5.25
2025-09-21,,,,,,,,,,230.0,5.75,73485.0,5.25
2025-09-22,20614.94,5.577726,4.75,5.8,441189.35,5.5387,199397.07,5.5319,665112.91,6679.0,5.75,66129.0,5.25
2025-09-23,18374.64,5.589233,4.75,5.7,435985.5,5.4108,199774.52,5.5662,657845.66,328.0,5.75,123947.0,5.25
2025-09-24,16046.55,5.516484,4.75,5.6,440642.7,5.4549,203860.71,5.4929,664689.51,403.0,5.75,93350.0,5.25
2025-09-25,20334.77,5.579621,4.75,5.75,425873.55,5.5196,210336.86,5.5516,660450.48,2688.0,5.75,95049.0,5.25
2025-09-26,16315.66,5.578612,4.75,5.75,436553.35,5.4394,208130.3,5.5554,665281.36,385.0,5.75,147590.0,5.25
2025-09-27,,,,,,,,,,2966.0,5.75,136939.0,5.25
2025-09-28,,,,,,,,,,6922.0,5.75,137488.0,5.25
2025-09-29,17082.66,5.527697,4.75,5.6,430875.5,5.3987,191663.21,5.522,643715.92,1897.0,5.75,158209.0,5.25
2025-09-30,9754.15,5.68532,4.75,5.85,399634.65,5.4716,192062.78,5.5038,605987.13,1850.0,5.75,175443.0,5.25
2025-10-01,14843.86,5.370772,4.75,5.45,420153.5,5.293,218614.04,5.3163,657469.95,651.0,5.75,184677.0,5.25
2025-10-02,,,,,,,,,,204.0,5.75,181620.0,5.25
2025-10-03,1752.1,5.155466,4.75,5.4,14033.95,5.027284632,100.0,5.0,19509.6,1512.0,5.75,201622.0,5.25
2025-10-04,1542.85,5.020473,4.75,5.24,11194.9,10.2,210.1,4.2054,12947.85,313.0,5.75,178791.0,5.25
2025-10-05,,,,,,,,,,157.0,5.75,160593.0,5.25
2025-10-06,13757.99,5.350551,4.8,5.4,411245.5,5.2406,230378.65,5.3147,659919.69,1158.0,5.75,169737.0,5.25
2025-10-07,13405.02,5.352234,4.85,5.4,392803.3,5.238,224481.4,5.2977,635290.27,1430.0,5.75,158517.0,5.25
2025-10-08,15471.12,5.341385,4.75,5.4,414362.3,5.268,204428.91,5.3058,638972.88,1231.0,5.75,139538.0,5.25
2025-10-09,20823.46,5.511010057,4.75,6.0,396728.25,5.5547,228270.71,5.5117,649823.97,15771.0,5.75,133799.0,5.25
2025-10-10,18168.82,5.579948,4.75,5.75,404433.8,5.4684,223416.72,5.5127,649927.89,2783.0,5.75,194925.0,5.25
2025-10-11,,,,,,,,,,1780.0,5.75,165273.0,5.25
2025-10-12,,,,,,,,,,2367.0,5.75,171513.0,5.25
2025-10-13,19550.46,5.47456,4.75,5.6,441352.0,5.3183,211580.6,5.4007,676329.61,14585.0,5.75,154542.0,5.25
2025-10-14,15198.66,5.394212549,4.85,5.5,411573.75,5.2738,198081.71,5.3514,628725.67,3164.0,5.75,140996.0,5.25
2025-10-15,18944.29,5.369382,4.75,5.6,422101.8,5.3248,199444.67,5.3483,644147.31,2357.0,5.75,126237.0,5.25
2025-10-16,17803.74,5.400388,4.85,6.1,436269.35,5.3153,200957.705,5.3857,657962.345,3956.0,5.75,139276.0,5.25
2025-10-17,2385.55,5.297816017,4.9,5.6,5214.5,5.4413,105.78,4.4319,10543.38,7783.0,5.75,120474.0,5.25
2025-10-18,950.4,5.064751683,4.9,5.5,10249.1,5.5173,121.78,5.1491,11321.28,5530.0,5.75,61374.0,5.25
2025-10-19,,,,,,,,,,5942.0,5.75,61891.0,5.25
2025-10-20,11898.9,5.613635,4.5,5.68,396644.5,5.4408,207965.09,5.559,619511.04,424.0,5.75,104425.0,5.25
2025-10-21,,,,,,,,,,397.0,5.75,109627.0,5.25
2025-10-22,,,,,,,,,,85.0,5.75,119420.0,5.25
2025-10-23,14926.6,5.455844,4.4,5.6,416177.0,5.267,213994.89,5.4383,648081.04,431.0,5.75,160431.0,5.25
2025-10-24,18730.15,5.581974,4.85,6.0,429330.5,5.5195,206905.91,5.5042,658514.11,7026.0,5.75,79899.0,5.25
2025-10-25,,,,,,,,,,14304.0,5.75,78878.0,5.25
2025-10-26,,,,,,,,,,16390.0,5.75,82049.0,5.25
2025-10-27,16781.31,5.585116,4.85,5.75,450356.85,5.4965,191781.46,5.5567,662548.17,3040.0,5.75,95046.0,5.25
2025-10-28,19292.87,5.556374,4.85,5.68,447488.75,5.4119,199766.93,5.5287,670181.1,529.0,5.75,129424.0,5.25
2025-10-29,15955.31,5.564467,4.85,5.75,452410.8,5.5043,195725.16,5.5292,668000.82,615.0,5.75,85235.0,5.25
2025-10-30,16150.2,5.570526,4.85,5.68,450202.85,5.4683,195168.61,5.5311,665273.512,624.0,5.75,120630.0,5.25
2025-10-31,922.9,5.09468,4.75,5.35,8235.5,5.657904772,177.7,5.1732,12914.1,5489.0,5.75,140138.0,5.25
2025-11-01,1552.35,5.117216,4.85,5.6,24993.3,10.3472,3952.11,5.512,30497.76,445.0,5.75,122685.0,5.25
2025-11-02,,,,,,,,,,370.0,5.75,119816.0,5.25
2025-11-03,15561.66,5.418452,4.7,5.55,422753.35,5.2023,186383.38,5.3304,628623.39,895.0,5.75,187516.0,5.25
2025-11-04,14653.6,5.424375,4.75,5.55,401024.8,5.2023,202924.14,5.2376,622527.54,865.0,5.75,220291.0,5.25
2025-11-05,,,,,,,,,,590.0,5.75,206927.0,5.25
2025-11-06,17372.09,5.401137,4.8,5.5,411200.5,5.1348,205539.03,5.2523,637846.62,1982.0,5.75,244330.0,5.25
2025-11-07,18977.39,5.387543,4.85,5.45,393272.75,5.1552,202419.44,5.2509,618944.58,916.0,5.75,251010.0,5.25
2025-11-08,,,,,,,,,,56.0,5.75,200181.0,5.25
2025-11-09,,,,,,,,,,104.0,5.75,202615.0,5.25
2025-11-10,16498.65,5.342418,4.75,5.45,409399.95,5.1858,208933.06,5.2695,638938.16,870.0,5.75,211369.0,5.25
2025-11-11,16116.06,5.339433,4.85,5.4,414916.45,5.1568,208612.2,5.2565,643846.21,643.0,5.75,220994.0,5.25
2025-11-12,16851.58,5.342757,4.8,5.4,395862.7,5.1558,207639.45,5.2579,624516.23,800.0,5.75,219951.0,5.25
2025-11-13,15670.13,5.333895,4.85,5.4,391506.2,5.1212,205467.52,5.2463,616706.35,800.0,5.75,249197.0,5.25
2025-11-14,1347.7,5.073972323,4.85,5.35,2359.55,5.270035224,186.81,4.5386,7890.56,2158.0,5.75,192759.0,5.25
2025-11-15,1226.85,5.006421,4.8,5.4,25641.7,10.3322,939.47,4.4674,27808.02,1113.0,5.75,131941.0,5.25
2025-11-16,,,,,,,,,,125.0,5.75,110112.0,5.25
2025-11-17,16220.37,5.364711,4.75,5.45,412516.05,5.2133,205827.74,5.2975,638465.66,839.0,5.75,196682.0,5.25
2025-11-18,16580.16,5.372561,4.75,5.45,422639.95,5.1983,205324.47,5.2878,648091.08,979.0,5.75,183892.0,5.25
2025-11-19,16360.95,5.382354,4.85,5.45,416205.35,5.1978,207159.53,5.2835,642873.33,869.0,5.75,180834.0,5.25
2025-11-20,17968.42,5.41336,4.75,5.5,418721.15,5.2651,208693.44,5.3585,648360.51,1072.0,5.75,166262.0,5.25
2025-11-21,18354.7,5.519948,4.75,5.6,429310.5,5.3528,201107.541,5.4627,652118.241,445.0,5.75,174122.0,5.25
2025-11-22,,,,,,,,,,3084.0,5.75,149537.0,5.25
2025-11-23,,,,,,,,,,4934.0,5.75,152089.0,5.25
2025-11-24,19991.38,5.522044,4.75,5.6,451972.35,5.3129,214835.95,5.4414,690995.18,729.0,5.75,153483.0,5.25
2025-11-25,18709.12,5.433343,4.75,5.5,475781.55,5.2542,202654.56,5.3332,700555.73,1092.0,5.75,159522.0,5.25
2025-11-26,16851.11,5.388774,4.75,5.45,474376.8,5.26,198747.08,5.3152,692932.49,1985.0,5.75,141197.0,5.25
2025-11-27,19550.95,5.398651,4.75,5.45,442143.8,5.3001,212880.88,5.3365,677866.13,318.0,5.75,150906.0,5.25
2025-11-28,1860.0,5.207972,4.75,5.6,8879.35,5.402283725,349.74,5.44,14744.59,2144.0,5.75,186351.0,5.25
2025-11-29,3142.62,5.2475,4.75,5.4,23805.9,9.8094,5837.57,5.5535,32786.09,341.0,5.75,153397.0,5.25
2025-11-30,,,,,,,,,,307.0,5.75,135576.0,5.25
2025-12-01,18280.75,5.419074,4.75,5.6,415631.0,5.1993,222758.12,5.3706,659386.37,808.0,5.75,212277.0,5.25
2025-12-02,18792.22,5.343121,4.75,5.5,417433.3,5.1833,218770.11,5.2905,658357.63,780.0,5.75,173009.0,5.25
2025-12-03,18928.82,5.348271,4.75,5.6,396732.7,5.1681,245396.41,5.3018,664238.43,806.0,5.75,158529.0,5.25
2025-12-04,20174.68,5.434286,4.75,5.55,403694.65,5.2511,213993.12,5.383,641845.75,810.0,5.75,146034.0,5.25
2025-12-05,1528.95,5.119323718,4.7,5.4,3836.65,5.037483585,252.02,4.7991,10360.92,2101.0,5.5,139697.0,5.0
2025-12-06,805.8,4.925648,4.7,5.4,19023.25,10.4972,395.59,4.8254,20224.64,523.0,5.5,117007.0,5.0
2025-12-07,,,,,,,,,,332.0,5.5,120448.0,5.0
2025-12-08,19226.72,5.19386653,4.5,5.3,435729.3,5.0779,217829.05,5.1597,677380.37,2586.0,5.5,161952.0,5.0
2025-12-09,21210.13,5.194675,4.5,5.25,458259.05,5.0908,210093.37,5.1773,693452.85,1014.0,5.5,194103.0,5.0
2025-12-10,21047.97,5.199159,4.5,5.28,475856.95,5.1078,213376.01,5.1749,714282.23,946.0,5.5,175972.0,5.0
2025-12-11,19185.4,5.202537,4.5,5.25,471602.5,5.0573,216721.09,5.1511,711545.29,2361.0,5.5,195055.0,5.0
2025-12-12,16746.03,5.184801,4.5,5.25,447405.9,5.0139,214982.84,5.1156,682981.07,2154.0,5.5,224663.0,5.0
2025-12-13,,,,,,,,,,2709.0,5.5,169149.0,5.0
2025-12-14,,,,,,,,,,2868.0,5.5,167254.0,5.0
2025-12-15,22923.06,5.25127,4.5,5.4,439057.7,5.0902,206657.86,5.1559,671225.92,2694.0,5.5,156385.0,5.0
2025-12-16,22735.79,5.406693451,4.5,5.7,446366.65,5.3159,211013.88,5.3628,682778.62,5418.0,5.5,105016.0,5.0
2025-12-17,18160.19,5.46451,4.5,5.65,439833.9,5.2828,205109.38,5.3196,665765.77,354.0,5.5,151004.0,5.0
2025-12-18,16291.54,5.357879887,4.5,5.5,477284.75,5.1469,193038.24,4.8163,689026.83,4354.0,5.5,136767.0,5.0
2025-12-19,726.5,4.865052,4.5,5.05,8267.5,5.05919879,259.6,4.0,13451.9,314.0,5.5,125711.0,5.0
2025-12-20,704.25,4.765321,4.5,4.99,20322.3,10.1452,1135.02,4.4333,22161.57,,5.5,,5.0
2025-12-21,,,,,,,,,,2173.0,5.5,94924.0,5.0
2025-12-22,18149.59,5.378565631,4.5,5.5,503670.6,5.2992,199071.77,5.2601,725101.26,3452.0,5.5,76861.0,5.0
2025-12-23,16171.31,5.420889185,4.5,5.65,479202.0,5.2329,210106.69,5.3442,709153.6,412.0,5.5,179720.0,5.0
2025-12-24,17445.39,5.466821,4.5,5.57,475553.65,5.3098,208589.84,5.3819,704987.48,,5.5,,5.0
2025-12-25,,,,,,,,,,360.0,5.5,112877.0,5.0
2025-12-26,19903.06,5.462478,4.6,5.57,457698.45,5.2537,193728.87,5.4018,674669.98,504.0,5.5,151649.0,5.0
2025-12-27,,,,,,,,,,226.0,5.5,130817.0,5.0
2025-12-28,,,,,,,,,,277.0,5.5,132680.0,5.0
2025-12-29,16432.0,5.481799,4.5,5.6,464752.0,5.2346,191598.67,5.3807,675877.77,3413.0,5.5,145638.0,5.0
2025-12-30,14769.98,5.480879,4.5,5.62,451287.55,5.2944,176918.62,5.4364,646309.45,1203.0,5.5,147105.0,5.0
2025-12-31,9658.66,5.55970999,4.6,5.75,394577.2,5.329,182281.78,5.5978,590001.24,,5.5,,5.0
2026-01-01,14118.97,5.345787,4.5,5.45,439396.35,5.2032,190923.76,5.3232,647648.53,5230.0,5.5,97680.0,5.0
2026-01-02,1214.3,4.92534176,4.5,5.45,6228.5,5.25310199,150.64,5.1545,10501.19,1716.0,5.5,99641.0,5.0
2026-01-03,1065.6,4.747849,4.5,4.85,18772.2,10.441,146.23,3.8887,19984.03,540.0,5.5,87471.0,5.0
2026-01-04,,,,,,,,,,166.0,5.5,82309.0,5.0
2026-01-05,18787.42,5.400958,4.5,5.5,451651.35,5.1481,197591.86,5.323,670938.38,946.0,5.5,116861.0,5.0
2026-01-06,16263.37,5.311419,4.5,5.45,462195.55,5.0731,195043.02,5.2462,676409.49,,5.5,,5.0
2026-01-07,18861.41,5.299292841,4.5,5.48,445876.75,5.189,195305.15,5.2857,663180.86,3771.0,5.5,71870.0,5.0
2026-01-08,22210.69,5.395832997,4.5,5.53,452368.3,5.33,193581.8,5.3999,671476.09,334.0,5.5,84707.0,5.0
2026-01-09,18256.21,5.435098,4.5,5.6,465773.05,5.204,195207.09,5.4392,682543.95,342.0,5.5,162410.0,5.0
2026-01-10,,,,,,,,,,78.0,5.5,139495.0,5.0
2026-01-11,,,,,,,,,,72.0,5.5,141180.0,5.0
2026-01-12,16029.49,5.319496,4.3,5.4,468466.4,5.0647,194101.76,5.2893,682270.25,291.0,5.5,157091.0,5.0
2026-01-13,16979.29,5.347988,4.5,5.55,490765.15,5.2631,197977.92,5.3256,709849.86,925.0,5.5,114646.0,5.0
2026-01-14,16343.12,5.390256303,4.6,5.5,464481.15,5.2949,190595.44,5.3356,675587.11,788.0,5.5,119519.0,5.0
2026-01-15,,,,,,,,,,4437.0,5.5,154487.0,5.0
2026-01-16,1001.05,4.89150392,4.5,5.47,5510.0,5.046,254.27,4.4227,11402.72,885.0,5.5,135566.0,5.0
2026-01-17,802.25,4.817326,4.5,4.95,9401.75,5.1083,246.34,4.4943,10450.34,,5.5,,5.0
2026-01-18,,,,,,,,,,399.0,5.5,121330.0,5.0
2026-01-19,13619.35,5.402272869,4.5,5.5,487279.3,5.1326,193306.51,5.2701,698862.56,231.0,5.5,154012.0,5.0
2026-01-20,15456.37,5.415212,4.5,5.5,469748.15,5.1221,196598.44,5.2865,686310.36,1206.0,5.5,144630.0,5.0
2026-01-21,18454.62,5.435110557,4.5,5.5,485016.85,5.2673,188726.51,5.3062,696749.48,1730.0,5.5,94136.0,5.0
2026-01-22,17853.3,5.518233,4.5,5.65,492727.9,5.1947,183521.98,5.3298,698720.68,147.0,5.5,158854.0,5.0
2026-01-23,15722.95,5.391286,4.5,5.45,518956.15,5.1077,181143.39,5.236,720283.44,963.0,5.5,154409.0,5.0
2026-01-24,,,,,,,,,,65.0,5.5,136770.0,5.0
2026-01-25,,,,,,,,,,15.0,5.5,135896.0,5.0
2026-01-26,,,,,,,,,,191.0,5.5,141031.0,5.0
2026-01-27,14136.04,5.396919,4.6,5.5,526795.0,5.1581,192569.49,5.1846,738231.48,17951.0,5.5,141425.0,5.0
2026-01-28,21164.47,5.260345,4.5,5.4,536068.95,5.1591,186185.75,5.1537,747373.17,598.0,5.5,114328.0,5.0
2026-01-29,19688.01,5.311190567,4.5,5.5,521347.75,5.2729,200879.68,5.2583,745436.74,1345.0,5.5,103800.0,5.0
2026-01-30,1251.5,4.920352,4.5,5.55,7893.95,4.666133372,250.82,4.631,14491.82,2537.0,5.5,298644.0,5.0
2026-01-31,3158.15,5.280255845,4.5,5.55,19631.55,8.862,192.93,4.2404,22982.63,,5.5,,5.0
2026-02-01,,,,,,,,,,614.0,5.5,198361.0,5.0
2026-02-02,14162.12,5.202233,4.25,5.3,497242.6,4.5693,179840.362,4.9959,696620.632,618.0,5.5,320805.0,5.0
2026-02-03,13967.13,5.061901,4.4,5.26,490010.35,4.4016,170516.89,4.6744,679402.77,636.0,5.5,364627.0,5.0
2026-02-04,12305.09,4.984791,4.4,5.65,468035.05,4.2353,177676.73,4.4996,662893.87,786.0,5.5,342323.0,5.0
2026-02-05,14402.18,5.033373,4.4,5.15,472526.15,4.2989,166385.26,4.2076,658580.59,1018.0,5.5,357731.0,5.0
2026-02-06,973.55,4.710965024,4.4,5.1,2538.0,4.6019,184.94,3.6555,8843.49,732.0,5.5,503743.0,5.0
2026-02-07,865.45,4.548264,4.0,5.1,7580.9,4.1027,145.66,3.3641,8592.01,75.0,5.5,394150.0,5.0
2026-02-08,,,,,,,,,,32.0,5.5,365647.0,5.0
2026-02-09,12543.02,5.026307,4.1,5.1,473682.45,4.2739,173065.46,4.4741,665275.33,712.0,5.5,451983.0,5.0
2026-02-10,11387.69,5.022297,4.35,5.1,482804.85,4.4002,177559.27,4.4759,677314.91,,5.5,,5.0
2026-02-11,13945.12,5.030349,4.4,5.1,485867.8,4.6645,165788.61,4.672,671890.43,716.0,5.5,424012.0,5.0
2026-02-12,12810.41,5.043184,4.4,5.1,484117.55,4.7854,168514.01,4.8041,671352.97,729.0,5.5,440116.0,5.0
2026-02-13,13319.43,5.042039,4.5,5.1,486262.6,4.86,167724.36,4.8645,672117.29,726.0,5.5,459633.0,5.0
2026-02-14,,,,,,,,,,20.0,5.5,370372.0,5.0
2026-02-15,,,,,,,,,,15.0,5.5,370924.0,5.0
2026-02-16,16327.67,5.091465,4.5,5.2,496434.95,4.8372,173585.68,4.8782,691195.5,908.0,5.5,395533.0,5.0
2026-02-17,14237.47,5.082178,4.5,5.2,513648.6,4.8334,162195.24,4.8961,694878.51,787.0,5.5,396525.0,5.0
2026-02-18,12284.4,5.072861,4.5,5.2,481762.25,4.8927,168069.89,4.9279,666990.74,806.0,5.5,385884.0,5.0
2026-02-19,,,,,,,,,,74.0,5.5,323427.0,5.0
2026-02-20,878.1,4.816937,4.5,5.15,3579.9,4.795090874,249.68,4.2402,10526.88,773.0,5.5,361050.0,5.0
2026-02-21,853.71,4.719988,4.5,5.15,11536.4,9.6368,864.26,4.6865,13254.37,159.0,5.5,297305.0,5.0
2026-02-22,,,,,,,,,,90.0,5.5,251663.0,5.0
2026-02-23,14798.66,5.114626,4.5,5.5,492630.95,4.9328,182003.61,4.9902,695045.57,984.0,5.5,326598.0,5.0
2026-02-24,11772.12,5.096972,4.5,5.5,504977.95,4.894,184930.894,4.9533,707032.414,842.0,5.5,368828.0,5.0
2026-02-25,14941.06,5.084619,4.5,5.2,478239.6,4.8865,189942.2,4.9253,688419.31,868.0,5.5,360176.0,5.0
2026-02-26,13132.07,5.079592,4.5,5.2,464277.75,4.8965,183308.92,4.8655,665515.84,762.0,5.5,345621.0,5.0
2026-02-27,13608.21,5.107858858,4.5,5.22,436582.7,4.9301,184586.24,4.9162,639796.95,944.0,5.5,425596.0,5.0
2026-02-28,,,,,,,,,,358.0,5.5,373419.0,5.0
2026-03-01,,,,,,,,,,1036.0,5.5,300689.0,5.0
2026-03-02,9186.38,5.091006,4.5,5.2,448917.5,4.8714,184986.55,4.966,647300.23,745.0,5.5,389616.0,5.0
2026-03-03,,,,,,,,,,3.0,5.5,329507.0,5.0
2026-03-04,10966.48,5.113391,4.5,5.2,468028.85,4.8529,190393.42,4.97,676443.55,,5.5,,5.0
2026-03-05,13729.4,5.056977,4.5,5.15,468130.95,4.7908,192780.3,4.9257,679524.05,2193.0,5.5,428577.0,5.0
2026-03-06,1212.1,4.784013,4.5,5.15,6157.0,4.994546045,149.4,4.25,12836.9,1412.0,5.5,416349.0,5.0
2026-03-07,1070.7,4.758541,4.6,5.15,8601.5,9.802,4371.47,5.0808,14043.67,6693.0,5.5,344931.0,5.0
2026-03-08,,,,,,,,,,1303.0,5.5,299680.0,5.0
2026-03-09,15621.99,5.069622852,4.2,5.22,473222.2,4.8632,192057.1,4.5607,686434.99,138.0,5.5,343189.0,5.0
2026-03-10,15009.45,5.069012,4.5,5.2,488828.15,4.8021,194428.04,4.8424,703333.84,299.0,5.5,398376.0,5.0
2026-03-11,16993.21,5.076781,4.5,5.15,465898.5,4.7996,188881.97,4.8827,677002.93,344.0,5.5,363162.0,5.0
2026-03-12,17450.01,5.074231,4.5,5.15,460731.0,4.7872,190526.81,4.8441,673957.07,125.0,5.5,371547.0,5.0
2026-03-13,20426.88,5.104382867,4.6,5.2,458686.8,5.0363,192821.85,5.0101,677759.78,127.0,5.5,336969.0,5.0
2026-03-14,,,,,,,,,,154.0,5.5,313868.0,5.0
2026-03-15,,,,,,,,,,397.0,5.5,313385.0,5.0
2026-03-16,24016.9,5.311311243,4.6,5.45,492772.0,5.1842,190256.26,5.194,713418.91,1286.0,5.5,199408.0,5.0
